ISO-10303-21;
HEADER;
FILE_DESCRIPTION (( 'STEP AP214' ),
    '1' );
FILE_NAME ('NL17SZ125DTT1G.STEP',
    '2023-04-11T19:35:11',
    ( '' ),
    ( '' ),
    'SwSTEP 2.0',
    'SolidWorks 2021',
    '' );
FILE_SCHEMA (( 'AUTOMOTIVE_DESIGN' ));
ENDSEC;

DATA;
#1 = DIRECTION ( 'NONE',  ( -1.000000000000000000, 6.945399386795264921E-15, 0.000000000000000000 ) ) ;
#2 = ADVANCED_FACE ( 'NONE', ( #213 ), #2793, .T. ) ;
#3 = SURFACE_STYLE_FILL_AREA ( #1110 ) ;
#4 = DIRECTION ( 'NONE',  ( 1.000000000000000000, -3.017425608596270344E-15, -1.224646799147351975E-16 ) ) ;
#5 = AXIS2_PLACEMENT_3D ( 'NONE', #933, #1150, #1160 ) ;
#6 = ORIENTED_EDGE ( 'NONE', *, *, #2648, .T. ) ;
#7 = EDGE_CURVE ( 'NONE', #2243, #1467, #1231, .T. ) ;
#8 = EDGE_CURVE ( 'NONE', #368, #1228, #1068, .T. ) ;
#9 = MANIFOLD_SOLID_BREP ( 'NONE', #495 ) ;
#10 = CARTESIAN_POINT ( 'NONE',  ( -1.079118999999999939, 0.4403637236339115191, -0.1749999999999999889 ) ) ;
#11 = DIRECTION ( 'NONE',  ( -5.907521358157999659E-45, -8.505661127838810674E-31, -1.000000000000000000 ) ) ;
#12 = ORIENTED_EDGE ( 'NONE', *, *, #1993, .T. ) ;
#13 = CARTESIAN_POINT ( 'NONE',  ( 0.8101929663054270314, 0.6750000000000000444, 1.149999999999999911 ) ) ;
#14 = DIRECTION ( 'NONE',  ( 1.000000000000000000, -6.834509128875590854E-15, 0.000000000000000000 ) ) ;
#15 = DIRECTION ( 'NONE',  ( -1.224646799147351975E-16, 0.000000000000000000, -1.000000000000000000 ) ) ;
#16 =( LENGTH_UNIT ( ) NAMED_UNIT ( * ) SI_UNIT ( .MILLI., .METRE. ) );
#17 = DIRECTION ( 'NONE',  ( -1.000000000000000000, -5.695424274063019989E-16, 1.224646799147351975E-16 ) ) ;
#18 = ORIENTED_EDGE ( 'NONE', *, *, #868, .T. ) ;
#19 = ORIENTED_EDGE ( 'NONE', *, *, #2339, .T. ) ;
#20 = VERTEX_POINT ( 'NONE', #2157 ) ;
#21 = EDGE_CURVE ( 'NONE', #1445, #242, #2388, .T. ) ;
#22 = FACE_OUTER_BOUND ( 'NONE', #2349, .T. ) ;
#23 = PLANE ( 'NONE',  #861 ) ;
#24 = PLANE ( 'NONE',  #491 ) ;
#25 = LINE ( 'NONE', #2231, #1358 ) ;
#26 = DIRECTION ( 'NONE',  ( 1.000000000000000000, 7.888609052210119806E-31, -1.224646799147351975E-16 ) ) ;
#27 = DIRECTION ( 'NONE',  ( 6.834509128875590854E-15, 1.000000000000000000, -7.888609052210119806E-31 ) ) ;
#28 = CARTESIAN_POINT ( 'NONE',  ( -1.079118999999999939, 0.4403637236339115191, 1.149999999999999911 ) ) ;
#29 = LINE ( 'NONE', #1069, #961 ) ;
#30 = ORIENTED_EDGE ( 'NONE', *, *, #1088, .F. ) ;
#31 = ORIENTED_EDGE ( 'NONE', *, *, #229, .T. ) ;
#32 = VECTOR ( 'NONE', #790, 1000.000000000000114 ) ;
#33 = DIRECTION ( 'NONE',  ( 0.08682659386424097792, -0.9924325091389676334, -0.08682659386424779191 ) ) ;
#34 = AXIS2_PLACEMENT_3D ( 'NONE', #2399, #669, #1260 ) ;
#35 = VECTOR ( 'NONE', #1510, 1000.000000000000000 ) ;
#36 = EDGE_CURVE ( 'NONE', #319, #2298, #1487, .T. ) ;
#37 = VECTOR ( 'NONE', #2363, 1000.000000000000114 ) ;
#38 = DIRECTION ( 'NONE',  ( -5.907521358157999659E-45, -8.505661127838810674E-31, -1.000000000000000000 ) ) ;
#39 = AXIS2_PLACEMENT_3D ( 'NONE', #848, #2595, #633 ) ;
#40 = VECTOR ( 'NONE', #2449, 1000.000000000000000 ) ;
#41 = ORIENTED_EDGE ( 'NONE', *, *, #500, .F. ) ;
#42 = EDGE_CURVE ( 'NONE', #929, #2147, #876, .T. ) ;
#43 = DIRECTION ( 'NONE',  ( -5.907521358157999659E-45, -8.505661127838810674E-31, -1.000000000000000000 ) ) ;
#44 = CYLINDRICAL_SURFACE ( 'NONE', #1312, 0.2346362763661055395 ) ;
#45 = CARTESIAN_POINT ( 'NONE',  ( -1.133755276366106068, 0.2500000000000164868, 0.2000000000000000111 ) ) ;
#46 = DIRECTION ( 'NONE',  ( -1.224646799147351975E-16, 0.000000000000000000, -1.000000000000000000 ) ) ;
#47 = LINE ( 'NONE', #2693, #2741 ) ;
#48 = ORIENTED_EDGE ( 'NONE', *, *, #21, .F. ) ;
#49 = ORIENTED_EDGE ( 'NONE', *, *, #2126, .F. ) ;
#50 = DIRECTION ( 'NONE',  ( -1.224646799147351975E-16, 0.000000000000000000, -1.000000000000000000 ) ) ;
#51 = VERTEX_POINT ( 'NONE', #190 ) ;
#52 = CARTESIAN_POINT ( 'NONE',  ( -1.113305377423875919, 0.01625658550411205119, 0.7750000000000000222 ) ) ;
#53 = LINE ( 'NONE', #65, #1006 ) ;
#54 = DIRECTION ( 'NONE',  ( -5.907521358157999659E-45, -8.505661127838810674E-31, -1.000000000000000000 ) ) ;
#55 = CARTESIAN_POINT ( 'NONE',  ( 0.9648686562447420512, 0.4403637236338990291, -0.1749999999999999889 ) ) ;
#56 = EDGE_CURVE ( 'NONE', #2710, #109, #2636, .T. ) ;
#57 = ADVANCED_FACE ( 'NONE', ( #1935 ), #673, .F. ) ;
#58 = DIRECTION ( 'NONE',  ( -1.224646799147351975E-16, 0.000000000000000000, -1.000000000000000000 ) ) ;
#59 = DIRECTION ( 'NONE',  ( 1.000000000000000000, -1.153895016908240039E-14, 0.000000000000000000 ) ) ;
#60 = ORIENTED_EDGE ( 'NONE', *, *, #1485, .F. ) ;
#61 = VERTEX_POINT ( 'NONE', #2375 ) ;
#62 = CARTESIAN_POINT ( 'NONE',  ( -1.133755276366106068, 0.2500000000000164868, 1.149999999999999911 ) ) ;
#63 = FACE_OUTER_BOUND ( 'NONE', #1803, .T. ) ;
#64 = EDGE_LOOP ( 'NONE', ( #986, #154, #1844, #1765 ) ) ;
#65 = CARTESIAN_POINT ( 'NONE',  ( -1.113305377423875919, 0.01625658550411205119, 1.149999999999999911 ) ) ;
#66 = CARTESIAN_POINT ( 'NONE',  ( 1.199504932610848007, 0.4403637236338955319, -1.125000000000000000 ) ) ;
#67 = EDGE_CURVE ( 'NONE', #1036, #528, #2517, .T. ) ;
#68 = CARTESIAN_POINT ( 'NONE',  ( -1.133755276366106068, 0.2500000000000164868, 0.7750000000000000222 ) ) ;
#69 = CARTESIAN_POINT ( 'NONE',  ( -1.299119000000000135, 1.851004289445749798E-14, 0.7750000000000000222 ) ) ;
#70 = ORIENTED_EDGE ( 'NONE', *, *, #417, .F. ) ;
#71 = ORIENTED_EDGE ( 'NONE', *, *, #2668, .T. ) ;
#72 = EDGE_CURVE ( 'NONE', #256, #2241, #2168, .T. ) ;
#73 = EDGE_LOOP ( 'NONE', ( #522, #1694, #2679, #804 ) ) ;
#74 = CARTESIAN_POINT ( 'NONE',  ( -0.8444827236338939835, 0.4950000000000170375, -0.1749999999999999889 ) ) ;
#75 = FACE_OUTER_BOUND ( 'NONE', #1898, .T. ) ;
#76 = ORIENTED_EDGE ( 'NONE', *, *, #89, .T. ) ;
#77 =( GEOMETRIC_REPRESENTATION_CONTEXT ( 3 ) GLOBAL_UNCERTAINTY_ASSIGNED_CONTEXT ( ( #1217 ) ) GLOBAL_UNIT_ASSIGNED_CONTEXT ( ( #1236, #816, #801 ) ) REPRESENTATION_CONTEXT ( 'NONE', 'WORKASPACE' ) );
#78 = CIRCLE ( 'NONE', #2001, 0.1499999999999999667 ) ;
#79 = DIRECTION ( 'NONE',  ( -0.9961946980917451011, 0.08715574274766310636, 1.219986648345620179E-16 ) ) ;
#80 = VECTOR ( 'NONE', #1049, 1000.000000000000000 ) ;
#81 = FACE_OUTER_BOUND ( 'NONE', #1968, .T. ) ;
#82 = AXIS2_PLACEMENT_3D ( 'NONE', #163, #2547, #1242 ) ;
#83 = CARTESIAN_POINT ( 'NONE',  ( -1.079118999999999939, 0.4403637236339115191, 0.2000000000000000111 ) ) ;
#84 = CIRCLE ( 'NONE', #900, 0.2346362763661054285 ) ;
#85 = DIRECTION ( 'NONE',  ( 0.08715574274764971430, -0.9961946980917463224, -1.067350013832196134E-17 ) ) ;
#86 = CARTESIAN_POINT ( 'NONE',  ( -0.8444827236338948717, 0.4403637236339115191, 1.149999999999999911 ) ) ;
#87 = ORIENTED_EDGE ( 'NONE', *, *, #2663, .F. ) ;
#88 = ORIENTED_EDGE ( 'NONE', *, *, #2384, .T. ) ;
#89 = EDGE_CURVE ( 'NONE', #955, #479, #1945, .T. ) ;
#90 = CARTESIAN_POINT ( 'NONE',  ( 0.9648686562447420512, 0.4949999999999999956, -1.125000000000000000 ) ) ;
#91 = CARTESIAN_POINT ( 'NONE',  ( 1.233691310034717992, 0.01625658550409600153, 0.7750000000000000222 ) ) ;
#92 = ORIENTED_EDGE ( 'NONE', *, *, #353, .T. ) ;
#93 = EDGE_CURVE ( 'NONE', #2483, #1252, #1516, .T. ) ;
#94 = EDGE_CURVE ( 'NONE', #2171, #2241, #645, .T. ) ;
#95 = AXIS2_PLACEMENT_3D ( 'NONE', #808, #2207, #1988 ) ;
#96 = ORIENTED_EDGE ( 'NONE', *, *, #1014, .T. ) ;
#97 = CARTESIAN_POINT ( 'NONE',  ( 1.254141208976950139, 0.2500000000000000000, -0.7500000000000000000 ) ) ;
#98 = ORIENTED_EDGE ( 'NONE', *, *, #178, .F. ) ;
#99 = FACE_OUTER_BOUND ( 'NONE', #475, .T. ) ;
#100 = CARTESIAN_POINT ( 'NONE',  ( 1.435192966305421924, 0.1793150456565134887, 1.149999999999999911 ) ) ;
#101 = CARTESIAN_POINT ( 'NONE',  ( -0.8991190000000000015, 0.4403637236339115191, 1.149999999999999911 ) ) ;
#102 = CARTESIAN_POINT ( 'NONE',  ( -0.8991190000000000015, 0.2500000000000164868, -0.7500000000000000000 ) ) ;
#103 = ORIENTED_EDGE ( 'NONE', *, *, #1162, .T. ) ;
#104 = ORIENTED_EDGE ( 'NONE', *, *, #1317, .T. ) ;
#105 = ORIENTED_EDGE ( 'NONE', *, *, #1790, .T. ) ;
#106 = CARTESIAN_POINT ( 'NONE',  ( 1.254141208976950139, 0.2500000000000000000, -0.7500000000000000000 ) ) ;
#107 = CARTESIAN_POINT ( 'NONE',  ( 0.9648686562447430504, 0.4949999999999999956, 1.149999999999999911 ) ) ;
#108 = ORIENTED_EDGE ( 'NONE', *, *, #863, .F. ) ;
#109 = VERTEX_POINT ( 'NONE', #1588 ) ;
#110 = ADVANCED_FACE ( 'NONE', ( #2666 ), #1152, .F. ) ;
#111 = LINE ( 'NONE', #309, #1552 ) ;
#112 = EDGE_CURVE ( 'NONE', #1581, #242, #1559, .T. ) ;
#113 = FACE_OUTER_BOUND ( 'NONE', #1424, .T. ) ;
#114 = FILL_AREA_STYLE_COLOUR ( '', #2003 ) ;
#115 = PLANE ( 'NONE',  #501 ) ;
#116 = DIRECTION ( 'NONE',  ( 1.366901825775120222E-14, 1.000000000000000000, -1.625846878063100298E-30 ) ) ;
#117 = VERTEX_POINT ( 'NONE', #2437 ) ;
#118 = ORIENTED_EDGE ( 'NONE', *, *, #1682, .T. ) ;
#119 = ORIENTED_EDGE ( 'NONE', *, *, #72, .T. ) ;
#120 = CARTESIAN_POINT ( 'NONE',  ( -0.3398070336945729908, 1.100000000000012079, -1.137499999999999956 ) ) ;
#121 = CYLINDRICAL_SURFACE ( 'NONE', #1603, 0.05463627636610561555 ) ;
#122 = ORIENTED_EDGE ( 'NONE', *, *, #991, .F. ) ;
#123 = CARTESIAN_POINT ( 'NONE',  ( -1.299119000000000135, 1.851004289445749798E-14, -0.7500000000000000000 ) ) ;
#124 = EDGE_CURVE ( 'NONE', #447, #2425, #1820, .T. ) ;
#125 = DIRECTION ( 'NONE',  ( 1.224646799147353947E-16, 0.000000000000000000, 1.000000000000000000 ) ) ;
#126 = CARTESIAN_POINT ( 'NONE',  ( 0.8101929663054289188, 1.100000000000000089, 1.475317318001486022 ) ) ;
#127 = AXIS2_PLACEMENT_3D ( 'NONE', #943, #1119, #1984 ) ;
#128 = ADVANCED_FACE ( 'NONE', ( #1397 ), #473, .F. ) ;
#129 = AXIS2_PLACEMENT_3D ( 'NONE', #28, #2260, #1775 ) ;
#130 = PRESENTATION_LAYER_ASSIGNMENT (  '', '', ( #358 ) ) ;
#131 = CARTESIAN_POINT ( 'NONE',  ( -1.079118999999999939, 0.4403637236339115191, 0.2000000000000000111 ) ) ;
#132 = DIRECTION ( 'NONE',  ( -1.000000000000000000, 6.945399386795264921E-15, 0.000000000000000000 ) ) ;
#133 = ORIENTED_EDGE ( 'NONE', *, *, #2240, .T. ) ;
#134 = ORIENTED_EDGE ( 'NONE', *, *, #1627, .T. ) ;
#135 = AXIS2_PLACEMENT_3D ( 'NONE', #1672, #158, #2776 ) ;
#136 = AXIS2_PLACEMENT_3D ( 'NONE', #2655, #1321, #231 ) ;
#137 = ORIENTED_EDGE ( 'NONE', *, *, #664, .T. ) ;
#138 = CARTESIAN_POINT ( 'NONE',  ( -1.128993411118452084, 0.1955716311606264801, -0.1749999999999999889 ) ) ;
#139 = CARTESIAN_POINT ( 'NONE',  ( -0.8444827236338948717, 0.4403637236339115191, -0.7500000000000000000 ) ) ;
#140 = ORIENTED_EDGE ( 'NONE', *, *, #2585, .T. ) ;
#141 = DIRECTION ( 'NONE',  ( 5.883335303827079825E-45, 8.488231705215440247E-31, 1.000000000000000000 ) ) ;
#142 = VECTOR ( 'NONE', #1205, 1000.000000000000000 ) ;
#143 = DIRECTION ( 'NONE',  ( -1.000000000000000000, 0.000000000000000000, 1.224646799147351975E-16 ) ) ;
#144 = CARTESIAN_POINT ( 'NONE',  ( -0.6898070336945760772, 0.6750000000000160316, 0.2000000000000000111 ) ) ;
#145 = VECTOR ( 'NONE', #738, 1000.000000000000000 ) ;
#146 = CARTESIAN_POINT ( 'NONE',  ( 1.254141208976950139, 0.2500000000000000000, -1.125000000000000000 ) ) ;
#147 = ADVANCED_FACE ( 'NONE', ( #2448 ), #1787, .T. ) ;
#148 = CARTESIAN_POINT ( 'NONE',  ( 1.199504932610848007, 0.4403637236338955319, 0.7750000000000000222 ) ) ;
#149 = EDGE_CURVE ( 'NONE', #2326, #2640, #713, .T. ) ;
#150 = VERTEX_POINT ( 'NONE', #1618 ) ;
#151 = VERTEX_POINT ( 'NONE', #2692 ) ;
#152 = LINE ( 'NONE', #1896, #2647 ) ;
#153 = PRESENTATION_STYLE_ASSIGNMENT (( #1728 ) ) ;
#154 = ORIENTED_EDGE ( 'NONE', *, *, #1826, .F. ) ;
#155 = DIRECTION ( 'NONE',  ( -1.224646799147351975E-16, 0.000000000000000000, -1.000000000000000000 ) ) ;
#156 = CARTESIAN_POINT ( 'NONE',  ( 0.8101929663054239228, 0.6750000000000000444, -1.487500000000000044 ) ) ;
#157 =( LENGTH_UNIT ( ) NAMED_UNIT ( * ) SI_UNIT ( .MILLI., .METRE. ) );
#158 = DIRECTION ( 'NONE',  ( -1.155194530527123873E-16, -4.813852850567249583E-32, -1.000000000000000000 ) ) ;
#159 = FACE_OUTER_BOUND ( 'NONE', #677, .T. ) ;
#160 = EDGE_LOOP ( 'NONE', ( #1835, #1778, #176, #412 ) ) ;
#161 = EDGE_CURVE ( 'NONE', #291, #2217, #1274, .T. ) ;
#162 = ORIENTED_EDGE ( 'NONE', *, *, #2130, .T. ) ;
#163 = CARTESIAN_POINT ( 'NONE',  ( 1.254141208976950139, 0.2500000000000000000, -1.125000000000000000 ) ) ;
#164 = VERTEX_POINT ( 'NONE', #297 ) ;
#165 = EDGE_CURVE ( 'NONE', #2356, #2779, #1604, .T. ) ;
#166 = CARTESIAN_POINT ( 'NONE',  ( 0.7944450068707570312, 0.4949999999999999956, -1.125000000000000000 ) ) ;
#167 = PLANE ( 'NONE',  #2559 ) ;
#168 = LINE ( 'NONE', #408, #80 ) ;
#169 = CARTESIAN_POINT ( 'NONE',  ( -0.3398070336945735459, 1.050000000000011813, -1.137499999999999956 ) ) ;
#170 = CIRCLE ( 'NONE', #1823, 0.05463627636610561555 ) ;
#171 = CIRCLE ( 'NONE', #494, 0.05463627636610561555 ) ;
#172 = CARTESIAN_POINT ( 'NONE',  ( 0.8101929663054260322, 0.6750000000000000444, -1.125000000000000000 ) ) ;
#173 = VERTEX_POINT ( 'NONE', #285 ) ;
#174 =( GEOMETRIC_REPRESENTATION_CONTEXT ( 3 ) GLOBAL_UNCERTAINTY_ASSIGNED_CONTEXT ( ( #2043 ) ) GLOBAL_UNIT_ASSIGNED_CONTEXT ( ( #157, #1039, #1460 ) ) REPRESENTATION_CONTEXT ( 'NONE', 'WORKASPACE' ) );
#175 = VECTOR ( 'NONE', #382, 1000.000000000000114 ) ;
#176 = ORIENTED_EDGE ( 'NONE', *, *, #1575, .F. ) ;
#177 = CARTESIAN_POINT ( 'NONE',  ( -1.079118999999999939, 0.2500000000000164868, -0.7500000000000000000 ) ) ;
#178 = EDGE_CURVE ( 'NONE', #1678, #924, #1374, .T. ) ;
#179 = VECTOR ( 'NONE', #2376, 1000.000000000000000 ) ;
#180 = ORIENTED_EDGE ( 'NONE', *, *, #2493, .T. ) ;
#181 = VECTOR ( 'NONE', #2219, 1000.000000000000000 ) ;
#182 = EDGE_CURVE ( 'NONE', #423, #2829, #691, .T. ) ;
#183 = LINE ( 'NONE', #1046, #1780 ) ;
#184 = EDGE_CURVE ( 'NONE', #1836, #1019, #920, .T. ) ;
#185 = DIRECTION ( 'NONE',  ( 1.224646799147351975E-16, 0.000000000000000000, 1.000000000000000000 ) ) ;
#186 = VECTOR ( 'NONE', #811, 1000.000000000000000 ) ;
#187 = LINE ( 'NONE', #1300, #1450 ) ;
#188 = LINE ( 'NONE', #885, #1910 ) ;
#189 = VERTEX_POINT ( 'NONE', #702 ) ;
#190 = CARTESIAN_POINT ( 'NONE',  ( -0.6740590742599109619, 0.4950000000000160383, -1.125000000000000000 ) ) ;
#191 = LINE ( 'NONE', #692, #2192 ) ;
#192 = ORIENTED_EDGE ( 'NONE', *, *, #2714, .F. ) ;
#193 = DIRECTION ( 'NONE',  ( 0.9961946980917439909, -0.08715574274767610985, -1.219986648345617221E-16 ) ) ;
#194 = ADVANCED_FACE ( 'NONE', ( #1345 ), #2481, .F. ) ;
#195 = LINE ( 'NONE', #1102, #2277 ) ;
#196 = FILL_AREA_STYLE_COLOUR ( '', #2509 ) ;
#197 = ORIENTED_EDGE ( 'NONE', *, *, #1800, .F. ) ;
#198 = LINE ( 'NONE', #2138, #259 ) ;
#199 = PLANE ( 'NONE',  #1268 ) ;
#200 = CARTESIAN_POINT ( 'NONE',  ( -1.299119000000000135, 1.851004289445749798E-14, -0.7500000000000000000 ) ) ;
#201 = CARTESIAN_POINT ( 'NONE',  ( 1.233691310034715771, 0.01625658550409600153, -1.125000000000000000 ) ) ;
#202 = CARTESIAN_POINT ( 'NONE',  ( -0.8444827236338929843, 0.6750000000000170308, 0.2000000000000000111 ) ) ;
#203 = ORIENTED_EDGE ( 'NONE', *, *, #212, .T. ) ;
#204 = ORIENTED_EDGE ( 'NONE', *, *, #1063, .F. ) ;
#205 = DIRECTION ( 'NONE',  ( 0.08682659386424107506, -0.9924325091389676334, 0.08682659386424779191 ) ) ;
#206 = DIRECTION ( 'NONE',  ( -1.000000000000000000, 6.945399386795264921E-15, 0.000000000000000000 ) ) ;
#207 = DIRECTION ( 'NONE',  ( -5.695424274063019989E-16, 1.000000000000000000, 1.178738986912482035E-31 ) ) ;
#208 = EDGE_CURVE ( 'NONE', #1992, #301, #1571, .T. ) ;
#209 = ORIENTED_EDGE ( 'NONE', *, *, #1197, .F. ) ;
#210 = DIRECTION ( 'NONE',  ( 0.08682659386425464754, 0.9924325091389664122, 0.08682659386424776415 ) ) ;
#211 = LINE ( 'NONE', #1727, #1777 ) ;
#212 = EDGE_CURVE ( 'NONE', #2795, #488, #1816, .T. ) ;
#213 = FACE_OUTER_BOUND ( 'NONE', #1432, .T. ) ;
#214 = CARTESIAN_POINT ( 'NONE',  ( -0.6898070336945750780, 0.6750000000000150324, -1.487500000000000044 ) ) ;
#215 = ORIENTED_EDGE ( 'NONE', *, *, #2751, .F. ) ;
#216 = ORIENTED_EDGE ( 'NONE', *, *, #1400, .F. ) ;
#217 = VECTOR ( 'NONE', #373, 1000.000000000000000 ) ;
#218 = AXIS2_PLACEMENT_3D ( 'NONE', #2350, #1919, #206 ) ;
#219 = ORIENTED_EDGE ( 'NONE', *, *, #435, .F. ) ;
#220 = VECTOR ( 'NONE', #2197, 1000.000000000000000 ) ;
#221 = AXIS2_PLACEMENT_3D ( 'NONE', #1291, #887, #2209 ) ;
#222 = LINE ( 'NONE', #1717, #1372 ) ;
#223 = COLOUR_RGB ( '',0.7921568627450980005, 0.8196078431372548767, 0.9333333333333333481 ) ;
#224 = LINE ( 'NONE', #1954, #593 ) ;
#225 = FACE_OUTER_BOUND ( 'NONE', #1512, .T. ) ;
#226 = DIRECTION ( 'NONE',  ( -1.000000000000000000, 6.834509128875590854E-15, 0.000000000000000000 ) ) ;
#227 = CIRCLE ( 'NONE', #557, 0.2346362763661054285 ) ;
#228 = FILL_AREA_STYLE ('',( #1755 ) ) ;
#229 = EDGE_CURVE ( 'NONE', #2029, #2075, #270, .T. ) ;
#230 =( NAMED_UNIT ( * ) SI_UNIT ( $, .STERADIAN. ) SOLID_ANGLE_UNIT ( ) );
#231 = DIRECTION ( 'NONE',  ( -1.000000000000000000, 6.945399386795264921E-15, 0.000000000000000000 ) ) ;
#232 = ORIENTED_EDGE ( 'NONE', *, *, #1668, .T. ) ;
#233 = ORIENTED_EDGE ( 'NONE', *, *, #931, .F. ) ;
#234 = PLANE ( 'NONE',  #784 ) ;
#235 = CARTESIAN_POINT ( 'NONE',  ( -0.6395010521671720127, 0.1000000000000146050, 1.462194018472598112 ) ) ;
#236 = ORIENTED_EDGE ( 'NONE', *, *, #42, .T. ) ;
#237 = CARTESIAN_POINT ( 'NONE',  ( -0.6740590742599109619, 0.4950000000000160383, 1.149999999999999911 ) ) ;
#238 = DIRECTION ( 'NONE',  ( -6.834509128875590854E-15, -1.000000000000000000, 7.888609052210119806E-31 ) ) ;
#239 = LINE ( 'NONE', #1962, #276 ) ;
#240 = CARTESIAN_POINT ( 'NONE',  ( -1.128993411118452084, 0.1955716311606264801, -1.125000000000000000 ) ) ;
#241 = CARTESIAN_POINT ( 'NONE',  ( -0.4898070336945729575, 1.050000000000014033, -1.137499999999999956 ) ) ;
#242 = VERTEX_POINT ( 'NONE', #1384 ) ;
#243 = ORIENTED_EDGE ( 'NONE', *, *, #355, .T. ) ;
#244 = EDGE_CURVE ( 'NONE', #2229, #302, #968, .T. ) ;
#245 = CARTESIAN_POINT ( 'NONE',  ( -1.113305377423875919, 0.01625658550411205119, -0.1749999999999999889 ) ) ;
#246 = EDGE_CURVE ( 'NONE', #1141, #347, #1495, .T. ) ;
#247 =( NAMED_UNIT ( * ) SI_UNIT ( $, .STERADIAN. ) SOLID_ANGLE_UNIT ( ) );
#248 = DIRECTION ( 'NONE',  ( -1.000000000000000000, 6.834509128875590854E-15, 1.224646799147351975E-16 ) ) ;
#249 = ORIENTED_EDGE ( 'NONE', *, *, #2668, .F. ) ;
#250 = CARTESIAN_POINT ( 'NONE',  ( -1.079118999999999939, 0.4403637236339115191, 0.2000000000000000111 ) ) ;
#251 = DIRECTION ( 'NONE',  ( 5.883335303827079825E-45, 8.488231705215440247E-31, 1.000000000000000000 ) ) ;
#252 = FACE_OUTER_BOUND ( 'NONE', #2453, .T. ) ;
#253 = DIRECTION ( 'NONE',  ( -5.883335303827079825E-45, -8.488231705215440247E-31, -1.000000000000000000 ) ) ;
#254 = DIRECTION ( 'NONE',  ( -1.000000000000000000, 6.945399386795264921E-15, 0.000000000000000000 ) ) ;
#255 = EDGE_LOOP ( 'NONE', ( #12, #2013, #209, #1991 ) ) ;
#256 = VERTEX_POINT ( 'NONE', #1221 ) ;
#257 =( GEOMETRIC_REPRESENTATION_CONTEXT ( 3 ) GLOBAL_UNCERTAINTY_ASSIGNED_CONTEXT ( ( #1669 ) ) GLOBAL_UNIT_ASSIGNED_CONTEXT ( ( #641, #833, #2383 ) ) REPRESENTATION_CONTEXT ( 'NONE', 'WORKASPACE' ) );
#258 = LINE ( 'NONE', #245, #1830 ) ;
#259 = VECTOR ( 'NONE', #1497, 1000.000000000000000 ) ;
#260 = VECTOR ( 'NONE', #1695, 1000.000000000000000 ) ;
#261 = ORIENTED_EDGE ( 'NONE', *, *, #244, .T. ) ;
#262 = EDGE_CURVE ( 'NONE', #1934, #2071, #2342, .T. ) ;
#263 = EDGE_CURVE ( 'NONE', #867, #2397, #1193, .T. ) ;
#264 = CARTESIAN_POINT ( 'NONE',  ( -0.1898070336945729963, 1.050000000000011813, -1.137499999999999956 ) ) ;
#265 = VECTOR ( 'NONE', #2068, 1000.000000000000000 ) ;
#266 = VECTOR ( 'NONE', #461, 1000.000000000000000 ) ;
#267 = FACE_OUTER_BOUND ( 'NONE', #1042, .T. ) ;
#268 = CARTESIAN_POINT ( 'NONE',  ( -1.133755276366106068, 0.2500000000000164868, 1.149999999999999911 ) ) ;
#269 = DIRECTION ( 'NONE',  ( -1.000000000000000000, 6.931167183162754676E-15, 1.155194530527125845E-16 ) ) ;
#270 = LINE ( 'NONE', #2677, #1724 ) ;
#271 = LINE ( 'NONE', #1605, #40 ) ;
#272 = VERTEX_POINT ( 'NONE', #578 ) ;
#273 = ORIENTED_EDGE ( 'NONE', *, *, #300, .T. ) ;
#274 = AXIS2_PLACEMENT_3D ( 'NONE', #1116, #465, #720 ) ;
#275 = ADVANCED_BREP_SHAPE_REPRESENTATION ( 'NL17SZ125DTT1G', ( #915, #1848, #9, #978, #2772, #1838, #897, #1897, #1554 ), #1151 ) ;
#276 = VECTOR ( 'NONE', #1122, 1000.000000000000114 ) ;
#277 = LINE ( 'NONE', #881, #729 ) ;
#278 = ORIENTED_EDGE ( 'NONE', *, *, #1698, .T. ) ;
#279 = CYLINDRICAL_SURFACE ( 'NONE', #1865, 0.05463627636610561555 ) ;
#280 = ORIENTED_EDGE ( 'NONE', *, *, #2653, .F. ) ;
#281 = EDGE_CURVE ( 'NONE', #1563, #1292, #1903, .T. ) ;
#282 = CYLINDRICAL_SURFACE ( 'NONE', #814, 0.05463627636610561555 ) ;
#283 = DIRECTION ( 'NONE',  ( 5.883335303827079825E-45, 8.488231705215440247E-31, 1.000000000000000000 ) ) ;
#284 = ADVANCED_FACE ( 'NONE', ( #2511 ), #115, .F. ) ;
#285 = CARTESIAN_POINT ( 'NONE',  ( -1.128993411118452084, 0.1955716311606264801, 1.149999999999999911 ) ) ;
#286 = DIRECTION ( 'NONE',  ( 1.000000000000000000, -6.945399386795264921E-15, 0.000000000000000000 ) ) ;
#287 = ORIENTED_EDGE ( 'NONE', *, *, #1027, .F. ) ;
#288 = ORIENTED_EDGE ( 'NONE', *, *, #1944, .F. ) ;
#289 =( NAMED_UNIT ( * ) PLANE_ANGLE_UNIT ( ) SI_UNIT ( $, .RADIAN. ) );
#290 = CARTESIAN_POINT ( 'NONE',  ( 1.199504932610848007, 0.4403637236338955319, 1.149999999999999911 ) ) ;
#291 = VERTEX_POINT ( 'NONE', #1417 ) ;
#292 = DIRECTION ( 'NONE',  ( -1.224646799147351975E-16, 0.000000000000000000, -1.000000000000000000 ) ) ;
#293 = ORIENTED_EDGE ( 'NONE', *, *, #2340, .F. ) ;
#294 = CARTESIAN_POINT ( 'NONE',  ( 1.435192966305421924, 0.1793150456565134887, 0.7750000000000000222 ) ) ;
#295 = EDGE_CURVE ( 'NONE', #1934, #2710, #2333, .T. ) ;
#296 = CARTESIAN_POINT ( 'NONE',  ( 0.9648686562447420512, 0.4403637236338990291, -0.7500000000000000000 ) ) ;
#297 = CARTESIAN_POINT ( 'NONE',  ( -0.1898070336945729963, 1.100000000000012079, -1.137499999999999956 ) ) ;
#298 = EDGE_CURVE ( 'NONE', #150, #667, #551, .T. ) ;
#299 = DIRECTION ( 'NONE',  ( -5.907521358157999659E-45, -8.505661127838810674E-31, -1.000000000000000000 ) ) ;
#300 = EDGE_CURVE ( 'NONE', #2657, #544, #1461, .T. ) ;
#301 = VERTEX_POINT ( 'NONE', #1691 ) ;
#302 = VERTEX_POINT ( 'NONE', #2764 ) ;
#303 = ORIENTED_EDGE ( 'NONE', *, *, #94, .T. ) ;
#304 = CARTESIAN_POINT ( 'NONE',  ( -0.8444827236338939835, 0.4950000000000170375, -0.7500000000000000000 ) ) ;
#305 = CARTESIAN_POINT ( 'NONE',  ( -0.8444827236338948717, 0.4403637236339115191, 0.2000000000000000111 ) ) ;
#306 = ORIENTED_EDGE ( 'NONE', *, *, #42, .F. ) ;
#307 = ORIENTED_EDGE ( 'NONE', *, *, #2477, .F. ) ;
#308 = AXIS2_PLACEMENT_3D ( 'NONE', #2540, #312, #1026 ) ;
#309 = CARTESIAN_POINT ( 'NONE',  ( -0.6740590742599109619, 0.4950000000000160383, -0.1749999999999999889 ) ) ;
#310 = VECTOR ( 'NONE', #2828, 1000.000000000000000 ) ;
#311 = MECHANICAL_DESIGN_GEOMETRIC_PRESENTATION_REPRESENTATION (  '', ( #358 ), #1771 ) ;
#312 = DIRECTION ( 'NONE',  ( 0.9961946980917466554, 0.08715574274764525953, -1.219986648345621165E-16 ) ) ;
#313 = VECTOR ( 'NONE', #1924, 1000.000000000000114 ) ;
#314 = AXIS2_PLACEMENT_3D ( 'NONE', #1629, #1251, #2573 ) ;
#315 = CARTESIAN_POINT ( 'NONE',  ( -0.8991190000000000015, 0.4403637236339115191, -0.1749999999999999889 ) ) ;
#316 = CARTESIAN_POINT ( 'NONE',  ( 1.249379343729295933, 0.1955716311606099933, -0.7500000000000000000 ) ) ;
#317 = DIRECTION ( 'NONE',  ( -1.000000000000000000, 6.931167183162754676E-15, 0.000000000000000000 ) ) ;
#318 = VERTEX_POINT ( 'NONE', #331 ) ;
#319 = VERTEX_POINT ( 'NONE', #131 ) ;
#320 = ADVANCED_FACE ( 'NONE', ( #597 ), #1208, .F. ) ;
#321 = CYLINDRICAL_SURFACE ( 'NONE', #1952, 0.2346362763661054285 ) ;
#322 = FACE_OUTER_BOUND ( 'NONE', #389, .T. ) ;
#323 = ORIENTED_EDGE ( 'NONE', *, *, #863, .T. ) ;
#324 = AXIS2_PLACEMENT_3D ( 'NONE', #139, #1637, #2300 ) ;
#325 = EDGE_LOOP ( 'NONE', ( #2783, #1864, #2738, #2268 ) ) ;
#326 = UNCERTAINTY_MEASURE_WITH_UNIT (LENGTH_MEASURE( 1.000000000000000082E-05 ), #1134, 'distance_accuracy_value', 'NONE');
#327 = CARTESIAN_POINT ( 'NONE',  ( -1.299119000000000135, 1.851004289445749798E-14, 0.2000000000000000111 ) ) ;
#328 = VERTEX_POINT ( 'NONE', #1861 ) ;
#329 = CARTESIAN_POINT ( 'NONE',  ( 0.8101929663054260322, 0.6750000000000000444, 1.512499999999999956 ) ) ;
#330 = PRESENTATION_STYLE_ASSIGNMENT (( #1902 ) ) ;
#331 = CARTESIAN_POINT ( 'NONE',  ( 1.199504932610848007, 0.4403637236338955319, -1.125000000000000000 ) ) ;
#332 = DIRECTION ( 'NONE',  ( 1.366901825775120222E-14, 1.000000000000000000, -1.625846878063100298E-30 ) ) ;
#333 = ORIENTED_EDGE ( 'NONE', *, *, #843, .T. ) ;
#334 = ORIENTED_EDGE ( 'NONE', *, *, #500, .T. ) ;
#335 = ORIENTED_EDGE ( 'NONE', *, *, #1858, .T. ) ;
#336 = SURFACE_STYLE_USAGE ( .BOTH. , #2520 ) ;
#337 = EDGE_CURVE ( 'NONE', #2263, #447, #1249, .T. ) ;
#338 = DIRECTION ( 'NONE',  ( -1.000000000000000000, 6.945399386795264921E-15, 0.000000000000000000 ) ) ;
#339 = EDGE_LOOP ( 'NONE', ( #104, #2810, #1181, #2522 ) ) ;
#340 = DIRECTION ( 'NONE',  ( 1.000000000000000000, -3.017425608596270344E-15, 0.000000000000000000 ) ) ;
#341 = EDGE_CURVE ( 'NONE', #1630, #2171, #1648, .T. ) ;
#342 = ORIENTED_EDGE ( 'NONE', *, *, #165, .F. ) ;
#343 = DIRECTION ( 'NONE',  ( -0.9961946980917461003, -0.08715574274765219842, 1.219986648345622398E-16 ) ) ;
#344 = DIRECTION ( 'NONE',  ( -0.08715574274765208740, 0.9961946980917459893, 1.067350013832227873E-17 ) ) ;
#345 = CARTESIAN_POINT ( 'NONE',  ( 1.233691310034717992, 0.01625658550409600153, 0.7750000000000000222 ) ) ;
#346 = ORIENTED_EDGE ( 'NONE', *, *, #1596, .T. ) ;
#347 = VERTEX_POINT ( 'NONE', #2528 ) ;
#348 = ORIENTED_EDGE ( 'NONE', *, *, #1114, .T. ) ;
#349 = LINE ( 'NONE', #782, #260 ) ;
#350 = DIRECTION ( 'NONE',  ( 0.9961946980917465444, 0.08715574274764634199, -1.219986648345621412E-16 ) ) ;
#351 = VERTEX_POINT ( 'NONE', #2096 ) ;
#352 = FACE_OUTER_BOUND ( 'NONE', #1747, .T. ) ;
#353 = EDGE_CURVE ( 'NONE', #1165, #2404, #1429, .T. ) ;
#354 = CIRCLE ( 'NONE', #2733, 0.2346362763661054285 ) ;
#355 = EDGE_CURVE ( 'NONE', #2346, #1263, #2309, .T. ) ;
#356 = CARTESIAN_POINT ( 'NONE',  ( 1.435192966305421924, 0.1793150456565134887, -0.7500000000000000000 ) ) ;
#357 = VECTOR ( 'NONE', #155, 1000.000000000000000 ) ;
#358 = STYLED_ITEM ( 'NONE', ( #393 ), #897 ) ;
#359 = VECTOR ( 'NONE', #1002, 1000.000000000000000 ) ;
#360 = FACE_OUTER_BOUND ( 'NONE', #2806, .T. ) ;
#361 = DIRECTION ( 'NONE',  ( -0.08715574274765208740, 0.9961946980917459893, 1.067350013832227873E-17 ) ) ;
#362 = ORIENTED_EDGE ( 'NONE', *, *, #994, .T. ) ;
#363 = AXIS2_PLACEMENT_3D ( 'NONE', #2082, #2720, #610 ) ;
#364 = AXIS2_PLACEMENT_3D ( 'NONE', #144, #983, #2569 ) ;
#365 = ORIENTED_EDGE ( 'NONE', *, *, #341, .T. ) ;
#366 = CARTESIAN_POINT ( 'NONE',  ( -0.6898070336945750780, 0.6750000000000150324, -1.487500000000000044 ) ) ;
#367 = FACE_OUTER_BOUND ( 'NONE', #2632, .T. ) ;
#368 = VERTEX_POINT ( 'NONE', #2752 ) ;
#369 = CIRCLE ( 'NONE', #917, 0.05463627636610561555 ) ;
#370 = CARTESIAN_POINT ( 'NONE',  ( -0.4898070336945729575, 1.050000000000014033, -1.137499999999999956 ) ) ;
#371 = AXIS2_PLACEMENT_3D ( 'NONE', #2744, #2712, #1887 ) ;
#372 = FACE_OUTER_BOUND ( 'NONE', #1224, .T. ) ;
#373 = DIRECTION ( 'NONE',  ( 1.000000000000000000, -6.834509128875590854E-15, -4.115852592442029808E-16 ) ) ;
#374 = EDGE_CURVE ( 'NONE', #528, #1581, #1659, .T. ) ;
#375 = DIRECTION ( 'NONE',  ( -1.000000000000000000, -5.695424274063019989E-16, 1.224646799147351975E-16 ) ) ;
#376 = CARTESIAN_POINT ( 'NONE',  ( -1.113305377423875919, 0.01625658550411205119, -0.7500000000000000000 ) ) ;
#377 = ORIENTED_EDGE ( 'NONE', *, *, #1420, .T. ) ;
#378 = FACE_OUTER_BOUND ( 'NONE', #2597, .T. ) ;
#379 = DIRECTION ( 'NONE',  ( -1.224646799147351975E-16, 0.000000000000000000, -1.000000000000000000 ) ) ;
#380 = ORIENTED_EDGE ( 'NONE', *, *, #2756, .T. ) ;
#381 = LINE ( 'NONE', #1083, #1923 ) ;
#382 = DIRECTION ( 'NONE',  ( -0.08715574274767619312, -0.9961946980917438799, 1.067350013832511832E-17 ) ) ;
#383 = DIRECTION ( 'NONE',  ( -1.000000000000000000, 7.228014483236698330E-15, 0.000000000000000000 ) ) ;
#384 = ADVANCED_FACE ( 'NONE', ( #360 ), #2115, .T. ) ;
#385 = LINE ( 'NONE', #2582, #2508 ) ;
#386 = LINE ( 'NONE', #1462, #1056 ) ;
#387 = ORIENTED_EDGE ( 'NONE', *, *, #1652, .T. ) ;
#388 = EDGE_CURVE ( 'NONE', #1836, #1202, #2571, .T. ) ;
#389 = EDGE_LOOP ( 'NONE', ( #88, #510, #2613, #261 ) ) ;
#390 = CARTESIAN_POINT ( 'NONE',  ( 0.9648686562447420512, 0.4403637236338990291, -1.125000000000000000 ) ) ;
#391 = ORIENTED_EDGE ( 'NONE', *, *, #298, .T. ) ;
#392 = CARTESIAN_POINT ( 'NONE',  ( 1.199504932610848007, 0.4403637236338955319, 0.7750000000000000222 ) ) ;
#393 = PRESENTATION_STYLE_ASSIGNMENT (( #1258 ) ) ;
#394 = DIRECTION ( 'NONE',  ( 0.08715574274764971430, -0.9961946980917463224, -1.067350013832196134E-17 ) ) ;
#395 = CARTESIAN_POINT ( 'NONE',  ( -0.8444827236338929843, 0.6750000000000170308, 1.149999999999999911 ) ) ;
#396 = VECTOR ( 'NONE', #699, 1000.000000000000000 ) ;
#397 = CARTESIAN_POINT ( 'NONE',  ( -1.128993411118452084, 0.1955716311606264801, 0.2000000000000000111 ) ) ;
#398 = ORIENTED_EDGE ( 'NONE', *, *, #1982, .F. ) ;
#399 = AXIS2_PLACEMENT_3D ( 'NONE', #2370, #1740, #666 ) ;
#400 = AXIS2_PLACEMENT_3D ( 'NONE', #120, #2088, #1021 ) ;
#401 = DIRECTION ( 'NONE',  ( 1.224646799147351975E-16, 0.000000000000000000, 1.000000000000000000 ) ) ;
#402 = PLANE ( 'NONE',  #1455 ) ;
#403 = CLOSED_SHELL ( 'NONE', ( #2784, #2381, #320, #2512, #701, #756, #1882, #847, #128, #1367, #631, #810, #2786, #2567 ) ) ;
#404 = VERTEX_POINT ( 'NONE', #395 ) ;
#405 = EDGE_CURVE ( 'NONE', #938, #1978, #198, .T. ) ;
#406 = LINE ( 'NONE', #2357, #458 ) ;
#407 = CARTESIAN_POINT ( 'NONE',  ( 0.8101929663054260322, 0.6750000000000000444, 1.512499999999999956 ) ) ;
#408 = CARTESIAN_POINT ( 'NONE',  ( 0.7944450068707570312, 0.4949999999999999956, -1.125000000000000000 ) ) ;
#409 = VECTOR ( 'NONE', #432, 1000.000000000000000 ) ;
#410 = DIRECTION ( 'NONE',  ( -1.000000000000000000, 6.834509128875590854E-15, 1.224646799147351975E-16 ) ) ;
#411 = FACE_OUTER_BOUND ( 'NONE', #2090, .T. ) ;
#412 = ORIENTED_EDGE ( 'NONE', *, *, #405, .T. ) ;
#413 = CARTESIAN_POINT ( 'NONE',  ( -1.133755276366106068, 0.2500000000000164868, -0.7500000000000000000 ) ) ;
#414 = LINE ( 'NONE', #1966, #2688 ) ;
#415 = ORIENTED_EDGE ( 'NONE', *, *, #341, .F. ) ;
#416 = EDGE_LOOP ( 'NONE', ( #1548, #1489, #49, #2184 ) ) ;
#417 = EDGE_CURVE ( 'NONE', #2147, #2404, #187, .T. ) ;
#418 = LINE ( 'NONE', #1949, #1325 ) ;
#419 = APPLICATION_PROTOCOL_DEFINITION ( 'draft international standard', 'automotive_design', 1998, #1013 ) ;
#420 = ADVANCED_FACE ( 'NONE', ( #884 ), #1287, .F. ) ;
#421 = DIRECTION ( 'NONE',  ( 1.000000000000000000, -1.423856068515750146E-14, -1.224646799147351975E-16 ) ) ;
#422 = SURFACE_STYLE_USAGE ( .BOTH. , #1931 ) ;
#423 = VERTEX_POINT ( 'NONE', #1753 ) ;
#424 = ORIENTED_EDGE ( 'NONE', *, *, #300, .F. ) ;
#425 = LINE ( 'NONE', #2790, #769 ) ;
#426 = DIRECTION ( 'NONE',  ( 1.224646799147351975E-16, 0.000000000000000000, 1.000000000000000000 ) ) ;
#427 = CARTESIAN_POINT ( 'NONE',  ( -0.8444827236338939835, 0.4950000000000170375, 1.149999999999999911 ) ) ;
#428 = DIRECTION ( 'NONE',  ( 2.196631694505585588E-45, 3.214029937021935333E-31, 1.000000000000000000 ) ) ;
#429 = CARTESIAN_POINT ( 'NONE',  ( -1.113305377423875919, 0.01625658550411205119, -0.1749999999999999889 ) ) ;
#430 = VERTEX_POINT ( 'NONE', #1960 ) ;
#431 = EDGE_LOOP ( 'NONE', ( #1463, #98, #637, #1211 ) ) ;
#432 = DIRECTION ( 'NONE',  ( -1.224646799147351975E-16, 0.000000000000000000, -1.000000000000000000 ) ) ;
#433 = DIRECTION ( 'NONE',  ( 1.000000000000000000, -6.834509128875590854E-15, -1.224646799147351975E-16 ) ) ;
#434 = CARTESIAN_POINT ( 'NONE',  ( 0.8101929663054260322, 0.6750000000000000444, 1.512499999999999956 ) ) ;
#435 = EDGE_CURVE ( 'NONE', #1059, #1228, #626, .T. ) ;
#436 = EDGE_CURVE ( 'NONE', #242, #2470, #1701, .T. ) ;
#437 = DIRECTION ( 'NONE',  ( 7.888609052210119806E-31, -1.000000000000000000, -4.812506762107419705E-32 ) ) ;
#438 = CARTESIAN_POINT ( 'NONE',  ( -1.128993411118452084, 0.1955716311606264801, -0.1749999999999999889 ) ) ;
#439 = FACE_OUTER_BOUND ( 'NONE', #1380, .T. ) ;
#440 = CIRCLE ( 'NONE', #2406, 0.2346362763661054285 ) ;
#441 = VECTOR ( 'NONE', #914, 1000.000000000000000 ) ;
#442 = CARTESIAN_POINT ( 'NONE',  ( 1.419504932610842207, -7.041719095096990480E-17, -0.7500000000000000000 ) ) ;
#443 = DIRECTION ( 'NONE',  ( -1.224646799147351975E-16, 0.000000000000000000, -1.000000000000000000 ) ) ;
#444 = ORIENTED_EDGE ( 'NONE', *, *, #575, .F. ) ;
#445 = ORIENTED_EDGE ( 'NONE', *, *, #1940, .T. ) ;
#446 = CIRCLE ( 'NONE', #818, 0.1499999999999999667 ) ;
#447 = VERTEX_POINT ( 'NONE', #2178 ) ;
#448 = AXIS2_PLACEMENT_3D ( 'NONE', #2612, #17, #646 ) ;
#449 = DIRECTION ( 'NONE',  ( 6.834509128875590854E-15, 1.000000000000000000, -7.888609052210119806E-31 ) ) ;
#450 = STYLED_ITEM ( 'NONE', ( #2763 ), #1838 ) ;
#451 = SURFACE_SIDE_STYLE ('',( #1762 ) ) ;
#452 = LINE ( 'NONE', #736, #857 ) ;
#453 = DIRECTION ( 'NONE',  ( -0.08715574274765160168, 0.9961946980917461003, 0.000000000000000000 ) ) ;
#454 = VERTEX_POINT ( 'NONE', #1313 ) ;
#455 = PLANE ( 'NONE',  #2684 ) ;
#456 = EDGE_CURVE ( 'NONE', #2470, #1593, #1077, .T. ) ;
#457 = LINE ( 'NONE', #1942, #541 ) ;
#458 = VECTOR ( 'NONE', #2601, 1000.000000000000114 ) ;
#459 = PLANE ( 'NONE',  #95 ) ;
#460 = VECTOR ( 'NONE', #2549, 1000.000000000000000 ) ;
#461 = DIRECTION ( 'NONE',  ( -1.224646799147351975E-16, 0.000000000000000000, -1.000000000000000000 ) ) ;
#462 = EDGE_CURVE ( 'NONE', #1467, #2243, #78, .T. ) ;
#463 = ORIENTED_EDGE ( 'NONE', *, *, #776, .F. ) ;
#464 = ORIENTED_EDGE ( 'NONE', *, *, #1254, .F. ) ;
#465 = DIRECTION ( 'NONE',  ( -5.907521358157999659E-45, -8.505661127838810674E-31, -1.000000000000000000 ) ) ;
#466 =( NAMED_UNIT ( * ) PLANE_ANGLE_UNIT ( ) SI_UNIT ( $, .RADIAN. ) );
#467 = UNCERTAINTY_MEASURE_WITH_UNIT (LENGTH_MEASURE( 1.000000000000000082E-05 ), #1035, 'distance_accuracy_value', 'NONE');
#468 = DIRECTION ( 'NONE',  ( 1.000000000000000000, -3.017425608596270344E-15, 0.000000000000000000 ) ) ;
#469 = ORIENTED_EDGE ( 'NONE', *, *, #1318, .F. ) ;
#470 = LINE ( 'NONE', #237, #2102 ) ;
#471 = PLANE ( 'NONE',  #588 ) ;
#472 = LINE ( 'NONE', #875, #2067 ) ;
#473 = PLANE ( 'NONE',  #129 ) ;
#474 = CARTESIAN_POINT ( 'NONE',  ( -0.8444827236338948717, 0.4403637236339115191, 0.2000000000000000111 ) ) ;
#475 = EDGE_LOOP ( 'NONE', ( #524, #1199, #1125, #755 ) ) ;
#476 = ORIENTED_EDGE ( 'NONE', *, *, #1507, .T. ) ;
#477 = EDGE_CURVE ( 'NONE', #2222, #2329, #385, .T. ) ;
#478 = EDGE_CURVE ( 'NONE', #1196, #1361, #854, .T. ) ;
#479 = VERTEX_POINT ( 'NONE', #2372 ) ;
#480 = CARTESIAN_POINT ( 'NONE',  ( -1.299119000000000135, 1.851004289445749798E-14, -1.125000000000000000 ) ) ;
#481 = DIRECTION ( 'NONE',  ( 1.000000000000000000, 0.000000000000000000, 0.000000000000000000 ) ) ;
#482 = DIRECTION ( 'NONE',  ( -5.907521358157999659E-45, -8.505661127838810674E-31, -1.000000000000000000 ) ) ;
#483 = DIRECTION ( 'NONE',  ( 1.000000000000000000, -6.931167183162754676E-15, 0.000000000000000000 ) ) ;
#484 = DIRECTION ( 'NONE',  ( -5.907521358157999659E-45, -8.505661127838810674E-31, -1.000000000000000000 ) ) ;
#485 = DIRECTION ( 'NONE',  ( 0.08715574274764525953, -0.9961946980917466554, -1.067350013832143440E-17 ) ) ;
#486 = CARTESIAN_POINT ( 'NONE',  ( -0.8991190000000000015, 0.4403637236339115191, -1.125000000000000000 ) ) ;
#487 = ORIENTED_EDGE ( 'NONE', *, *, #1761, .T. ) ;
#488 = VERTEX_POINT ( 'NONE', #2811 ) ;
#489 = VECTOR ( 'NONE', #2002, 1000.000000000000000 ) ;
#490 = ORIENTED_EDGE ( 'NONE', *, *, #478, .F. ) ;
#491 = AXIS2_PLACEMENT_3D ( 'NONE', #895, #1764, #468 ) ;
#492 = EDGE_CURVE ( 'NONE', #2623, #2264, #1527, .T. ) ;
#493 = DIRECTION ( 'NONE',  ( -5.883335303827079825E-45, -8.488231705215440247E-31, -1.000000000000000000 ) ) ;
#494 = AXIS2_PLACEMENT_3D ( 'NONE', #1541, #727, #2418 ) ;
#495 = CLOSED_SHELL ( 'NONE', ( #1540, #2, #535, #2812, #2436, #1369, #2626, #1250, #1715, #384, #1827, #741, #420, #1333 ) ) ;
#496 = COLOUR_RGB ( '',1.000000000000000000, 1.000000000000000000, 1.000000000000000000 ) ;
#497 = ORIENTED_EDGE ( 'NONE', *, *, #8, .T. ) ;
#498 = PRODUCT_DEFINITION_CONTEXT ( 'detailed design', #1013, 'design' ) ;
#499 = CARTESIAN_POINT ( 'NONE',  ( -0.3398070336945729908, 1.100000000000012079, -1.137499999999999956 ) ) ;
#500 = EDGE_CURVE ( 'NONE', #955, #1256, #1932, .T. ) ;
#501 = AXIS2_PLACEMENT_3D ( 'NONE', #1849, #997, #564 ) ;
#502 = CIRCLE ( 'NONE', #596, 0.05463627636610561555 ) ;
#503 = CARTESIAN_POINT ( 'NONE',  ( 0.8101929663054260322, 0.6750000000000000444, -0.7500000000000000000 ) ) ;
#504 = LINE ( 'NONE', #66, #2058 ) ;
#505 = DIRECTION ( 'NONE',  ( -1.000000000000000000, 0.000000000000000000, 1.224646799147351975E-16 ) ) ;
#506 = DIRECTION ( 'NONE',  ( -1.224646799147351975E-16, 0.000000000000000000, -1.000000000000000000 ) ) ;
#507 = DIRECTION ( 'NONE',  ( -5.695424274063019989E-16, 1.000000000000000000, 1.178738986912482035E-31 ) ) ;
#508 = ORIENTED_EDGE ( 'NONE', *, *, #619, .F. ) ;
#509 = VERTEX_POINT ( 'NONE', #2633 ) ;
#510 = ORIENTED_EDGE ( 'NONE', *, *, #2770, .F. ) ;
#511 = AXIS2_PLACEMENT_3D ( 'NONE', #2074, #570, #538 ) ;
#512 = DIRECTION ( 'NONE',  ( -1.000000000000000000, 6.931167183162754676E-15, 0.000000000000000000 ) ) ;
#513 = EDGE_CURVE ( 'NONE', #1361, #1759, #2608, .T. ) ;
#514 = ORIENTED_EDGE ( 'NONE', *, *, #1076, .T. ) ;
#515 = DIRECTION ( 'NONE',  ( -1.000000000000000000, 6.945399386795264921E-15, 0.000000000000000000 ) ) ;
#516 = EDGE_CURVE ( 'NONE', #430, #2354, #1513, .T. ) ;
#517 = EDGE_CURVE ( 'NONE', #2029, #1947, #425, .T. ) ;
#518 = DIRECTION ( 'NONE',  ( 5.883335303827079825E-45, 8.488231705215440247E-31, 1.000000000000000000 ) ) ;
#519 = DIRECTION ( 'NONE',  ( -1.000000000000000000, 6.945399386795264921E-15, 0.000000000000000000 ) ) ;
#520 = DIRECTION ( 'NONE',  ( -1.000000000000000000, 6.834509128875590854E-15, 4.115852592442029808E-16 ) ) ;
#521 = FACE_OUTER_BOUND ( 'NONE', #325, .T. ) ;
#522 = ORIENTED_EDGE ( 'NONE', *, *, #1161, .T. ) ;
#523 = ORIENTED_EDGE ( 'NONE', *, *, #1826, .T. ) ;
#524 = ORIENTED_EDGE ( 'NONE', *, *, #1996, .T. ) ;
#525 = LINE ( 'NONE', #1825, #872 ) ;
#526 = ORIENTED_EDGE ( 'NONE', *, *, #2414, .T. ) ;
#527 = CARTESIAN_POINT ( 'NONE',  ( -0.8991190000000000015, 0.2500000000000164868, -1.125000000000000000 ) ) ;
#528 = VERTEX_POINT ( 'NONE', #1087 ) ;
#529 = LINE ( 'NONE', #982, #589 ) ;
#530 = CARTESIAN_POINT ( 'NONE',  ( 0.8101929663054260322, 0.6750000000000000444, -1.125000000000000000 ) ) ;
#531 = ADVANCED_FACE ( 'NONE', ( #873 ), #834, .T. ) ;
#532 = CARTESIAN_POINT ( 'NONE',  ( -0.8444827236338948717, 0.4403637236339115191, 0.7750000000000000222 ) ) ;
#533 = CYLINDRICAL_SURFACE ( 'NONE', #2008, 0.05463627636610561555 ) ;
#534 = VERTEX_POINT ( 'NONE', #2591 ) ;
#535 = ADVANCED_FACE ( 'NONE', ( #225 ), #1105, .F. ) ;
#536 = EDGE_LOOP ( 'NONE', ( #2099, #497, #219, #1306 ) ) ;
#537 = LINE ( 'NONE', #750, #2644 ) ;
#538 = DIRECTION ( 'NONE',  ( -1.000000000000000000, 6.931167183162754676E-15, 0.000000000000000000 ) ) ;
#539 = EDGE_LOOP ( 'NONE', ( #1353, #1154, #612, #2587 ) ) ;
#540 = ORIENTED_EDGE ( 'NONE', *, *, #1748, .F. ) ;
#541 = VECTOR ( 'NONE', #858, 1000.000000000000000 ) ;
#542 = AXIS2_PLACEMENT_3D ( 'NONE', #1234, #2553, #125 ) ;
#543 = LINE ( 'NONE', #327, #142 ) ;
#544 = VERTEX_POINT ( 'NONE', #294 ) ;
#545 = CIRCLE ( 'NONE', #1586, 0.05463627636610561555 ) ;
#546 = PRESENTATION_LAYER_ASSIGNMENT (  '', '', ( #676 ) ) ;
#547 = DIRECTION ( 'NONE',  ( -0.08682659386424097792, 0.9924325091389676334, -0.08682659386424779191 ) ) ;
#548 = AXIS2_PLACEMENT_3D ( 'NONE', #1399, #2221, #59 ) ;
#549 = CARTESIAN_POINT ( 'NONE',  ( -0.8444827236338948717, 0.4403637236339115191, -0.1749999999999999889 ) ) ;
#550 = EDGE_CURVE ( 'NONE', #404, #430, #354, .T. ) ;
#551 = LINE ( 'NONE', #1015, #725 ) ;
#552 = CARTESIAN_POINT ( 'NONE',  ( -0.8444827236338948717, 0.4403637236339115191, -1.125000000000000000 ) ) ;
#553 = VERTEX_POINT ( 'NONE', #2479 ) ;
#554 = EDGE_CURVE ( 'NONE', #61, #753, #53, .T. ) ;
#555 = ORIENTED_EDGE ( 'NONE', *, *, #2366, .F. ) ;
#556 = DIRECTION ( 'NONE',  ( 0.000000000000000000, 1.071427117486923930E-17, -1.000000000000000000 ) ) ;
#557 = AXIS2_PLACEMENT_3D ( 'NONE', #1257, #1468, #1706 ) ;
#558 = ORIENTED_EDGE ( 'NONE', *, *, #1475, .F. ) ;
#559 = CIRCLE ( 'NONE', #324, 0.2346362763661054285 ) ;
#560 = ORIENTED_EDGE ( 'NONE', *, *, #1841, .F. ) ;
#561 = DIRECTION ( 'NONE',  ( 1.000000000000000000, -6.945399386795264921E-15, 0.000000000000000000 ) ) ;
#562 = ORIENTED_EDGE ( 'NONE', *, *, #246, .T. ) ;
#563 = LINE ( 'NONE', #1890, #1911 ) ;
#564 = DIRECTION ( 'NONE',  ( 1.000000000000000000, -6.834509128875590854E-15, 0.000000000000000000 ) ) ;
#565 = FACE_OUTER_BOUND ( 'NONE', #987, .T. ) ;
#566 = ORIENTED_EDGE ( 'NONE', *, *, #462, .T. ) ;
#567 = ORIENTED_EDGE ( 'NONE', *, *, #1282, .F. ) ;
#568 = ORIENTED_EDGE ( 'NONE', *, *, #638, .T. ) ;
#569 = CARTESIAN_POINT ( 'NONE',  ( -0.3398070336945735459, 1.050000000000011813, -1.137499999999999956 ) ) ;
#570 = DIRECTION ( 'NONE',  ( -5.883335303827079825E-45, -8.488231705215440247E-31, -1.000000000000000000 ) ) ;
#571 = VERTEX_POINT ( 'NONE', #965 ) ;
#572 = EDGE_CURVE ( 'NONE', #1867, #151, #1831, .T. ) ;
#573 = EDGE_CURVE ( 'NONE', #117, #661, #25, .T. ) ;
#574 = FACE_OUTER_BOUND ( 'NONE', #160, .T. ) ;
#575 = EDGE_CURVE ( 'NONE', #2264, #1165, #1782, .T. ) ;
#576 = LINE ( 'NONE', #356, #2187 ) ;
#577 = FACE_OUTER_BOUND ( 'NONE', #1126, .T. ) ;
#578 = CARTESIAN_POINT ( 'NONE',  ( -1.079118999999999939, 0.2500000000000164868, 0.2000000000000000111 ) ) ;
#579 = DIRECTION ( 'NONE',  ( 5.883335303827079825E-45, 8.488231705215440247E-31, 1.000000000000000000 ) ) ;
#580 = ORIENTED_EDGE ( 'NONE', *, *, #586, .T. ) ;
#581 = EDGE_LOOP ( 'NONE', ( #1795, #1837, #2516, #1549 ) ) ;
#582 = EDGE_LOOP ( 'NONE', ( #1378, #825, #1293, #1651 ) ) ;
#583 =( NAMED_UNIT ( * ) SI_UNIT ( $, .STERADIAN. ) SOLID_ANGLE_UNIT ( ) );
#584 = LINE ( 'NONE', #1214, #1244 ) ;
#585 = VERTEX_POINT ( 'NONE', #2675 ) ;
#586 = EDGE_CURVE ( 'NONE', #553, #2780, #698, .T. ) ;
#587 = CARTESIAN_POINT ( 'NONE',  ( 1.199504932610848007, 0.4403637236338955319, 1.149999999999999911 ) ) ;
#588 = AXIS2_PLACEMENT_3D ( 'NONE', #744, #1783, #1557 ) ;
#589 = VECTOR ( 'NONE', #1394, 1000.000000000000000 ) ;
#590 = ADVANCED_FACE ( 'NONE', ( #1330 ), #930, .F. ) ;
#591 = LINE ( 'NONE', #1458, #1409 ) ;
#592 = CARTESIAN_POINT ( 'NONE',  ( -1.079118999999999939, 0.4403637236339115191, -0.7500000000000000000 ) ) ;
#593 = VECTOR ( 'NONE', #1537, 1000.000000000000000 ) ;
#594 = VECTOR ( 'NONE', #433, 1000.000000000000000 ) ;
#595 = VECTOR ( 'NONE', #1801, 1000.000000000000000 ) ;
#596 = AXIS2_PLACEMENT_3D ( 'NONE', #2279, #299, #254 ) ;
#597 = FACE_OUTER_BOUND ( 'NONE', #2769, .T. ) ;
#598 = CARTESIAN_POINT ( 'NONE',  ( 0.7944450068707570312, 0.4949999999999999956, -0.1749999999999999889 ) ) ;
#599 = AXIS2_PLACEMENT_3D ( 'NONE', #2707, #283, #1148 ) ;
#600 = ORIENTED_EDGE ( 'NONE', *, *, #517, .T. ) ;
#601 = LINE ( 'NONE', #1477, #774 ) ;
#602 = ORIENTED_EDGE ( 'NONE', *, *, #1146, .F. ) ;
#603 = AXIS2_PLACEMENT_3D ( 'NONE', #1100, #1915, #2807 ) ;
#604 = CARTESIAN_POINT ( 'NONE',  ( 0.7598869847780128639, 0.1000000000000050016, -1.437194018472590207 ) ) ;
#605 = ADVANCED_FACE ( 'NONE', ( #267 ), #455, .F. ) ;
#606 = DIRECTION ( 'NONE',  ( -0.9961946980917461003, -0.08715574274765219842, 1.219986648345622398E-16 ) ) ;
#607 = FILL_AREA_STYLE ('',( #2125 ) ) ;
#608 = ADVANCED_FACE ( 'NONE', ( #81 ), #282, .F. ) ;
#609 = EDGE_CURVE ( 'NONE', #1202, #1867, #171, .T. ) ;
#610 = DIRECTION ( 'NONE',  ( 1.000000000000000000, -6.945399386795264921E-15, 0.000000000000000000 ) ) ;
#611 = CARTESIAN_POINT ( 'NONE',  ( 1.254141208976950139, 0.2500000000000000000, 1.149999999999999911 ) ) ;
#612 = ORIENTED_EDGE ( 'NONE', *, *, #2131, .F. ) ;
#613 = LINE ( 'NONE', #2347, #1452 ) ;
#614 = ORIENTED_EDGE ( 'NONE', *, *, #2756, .F. ) ;
#615 = CARTESIAN_POINT ( 'NONE',  ( -1.128993411118452084, 0.1955716311606264801, 1.149999999999999911 ) ) ;
#616 = DIRECTION ( 'NONE',  ( -1.224646799147351975E-16, 0.000000000000000000, -1.000000000000000000 ) ) ;
#617 = LINE ( 'NONE', #1526, #2275 ) ;
#618 = DIRECTION ( 'NONE',  ( -1.000000000000000000, -5.695424274063019989E-16, 1.224646799147351975E-16 ) ) ;
#619 = EDGE_CURVE ( 'NONE', #2710, #2346, #470, .T. ) ;
#620 = FACE_BOUND ( 'NONE', #1661, .T. ) ;
#621 = EDGE_LOOP ( 'NONE', ( #119, #1624, #415, #1613 ) ) ;
#622 = ORIENTED_EDGE ( 'NONE', *, *, #1486, .F. ) ;
#623 = CARTESIAN_POINT ( 'NONE',  ( 0.8101929663054260322, 0.6750000000000000444, -0.7500000000000000000 ) ) ;
#624 = LINE ( 'NONE', #1953, #632 ) ;
#625 = CARTESIAN_POINT ( 'NONE',  ( -0.6898070336945760772, 0.6750000000000160316, -1.125000000000000000 ) ) ;
#626 = LINE ( 'NONE', #1483, #1269 ) ;
#627 = VECTOR ( 'NONE', #1721, 1000.000000000000000 ) ;
#628 = FACE_OUTER_BOUND ( 'NONE', #2062, .T. ) ;
#629 = ORIENTED_EDGE ( 'NONE', *, *, #1014, .F. ) ;
#630 = VECTOR ( 'NONE', #2278, 1000.000000000000000 ) ;
#631 = ADVANCED_FACE ( 'NONE', ( #2218 ), #1354, .F. ) ;
#632 = VECTOR ( 'NONE', #1525, 1000.000000000000000 ) ;
#633 = DIRECTION ( 'NONE',  ( 1.000000000000000000, -3.017425608596270344E-15, 0.000000000000000000 ) ) ;
#634 = CARTESIAN_POINT ( 'NONE',  ( 0.8101929663054260322, 0.6750000000000000444, -0.7500000000000000000 ) ) ;
#635 = AXIS2_PLACEMENT_3D ( 'NONE', #146, #1028, #2736 ) ;
#636 = VECTOR ( 'NONE', #2261, 1000.000000000000000 ) ;
#637 = ORIENTED_EDGE ( 'NONE', *, *, #2593, .F. ) ;
#638 = EDGE_CURVE ( 'NONE', #319, #272, #1555, .T. ) ;
#639 = CARTESIAN_POINT ( 'NONE',  ( 1.435192966305421924, 0.1793150456565134887, 0.7750000000000000222 ) ) ;
#640 = SURFACE_SIDE_STYLE ('',( #2358 ) ) ;
#641 =( LENGTH_UNIT ( ) NAMED_UNIT ( * ) SI_UNIT ( .MILLI., .METRE. ) );
#642 = DIRECTION ( 'NONE',  ( -1.000000000000000000, 6.931167183162754676E-15, 1.155194530527125845E-16 ) ) ;
#643 = DIRECTION ( 'NONE',  ( -0.08682659386425455039, -0.9924325091389664122, 0.08682659386424784742 ) ) ;
#644 = DIRECTION ( 'NONE',  ( -0.08682659386424097792, 0.9924325091389676334, 0.08682659386424779191 ) ) ;
#645 = LINE ( 'NONE', #442, #220 ) ;
#646 = DIRECTION ( 'NONE',  ( -5.695424274063019989E-16, 1.000000000000000000, 0.000000000000000000 ) ) ;
#647 = EDGE_LOOP ( 'NONE', ( #1888, #2670, #2451, #137 ) ) ;
#648 = ORIENTED_EDGE ( 'NONE', *, *, #93, .F. ) ;
#649 = ADVANCED_FACE ( 'NONE', ( #710 ), #1582, .F. ) ;
#650 = FACE_OUTER_BOUND ( 'NONE', #1520, .T. ) ;
#651 = EDGE_CURVE ( 'NONE', #2779, #1759, #2245, .T. ) ;
#652 = SURFACE_STYLE_USAGE ( .BOTH. , #451 ) ;
#653 = FILL_AREA_STYLE_COLOUR ( '', #907 ) ;
#654 = CARTESIAN_POINT ( 'NONE',  ( 0.7598869847780128639, 0.1000000000000050016, -1.487500000000000044 ) ) ;
#655 = CARTESIAN_POINT ( 'NONE',  ( -1.113305377423875919, 0.01625658550411205119, -1.125000000000000000 ) ) ;
#656 = DIRECTION ( 'NONE',  ( -1.000000000000000000, 6.945399386795264921E-15, 0.000000000000000000 ) ) ;
#657 = CARTESIAN_POINT ( 'NONE',  ( 0.9648686562447420512, 0.4403637236338990291, 0.7750000000000000222 ) ) ;
#658 = DIRECTION ( 'NONE',  ( -5.907521358157999659E-45, -8.505661127838810674E-31, -1.000000000000000000 ) ) ;
#659 = CARTESIAN_POINT ( 'NONE',  ( -0.4898070336945729575, 1.100000000000014078, -1.137499999999999956 ) ) ;
#660 = ORIENTED_EDGE ( 'NONE', *, *, #478, .T. ) ;
#661 = VERTEX_POINT ( 'NONE', #2662 ) ;
#662 = ORIENTED_EDGE ( 'NONE', *, *, #1845, .F. ) ;
#663 = CARTESIAN_POINT ( 'NONE',  ( 0.8101929663054239228, 0.6750000000000000444, -1.487500000000000044 ) ) ;
#664 = EDGE_CURVE ( 'NONE', #528, #1445, #1811, .T. ) ;
#665 = DIRECTION ( 'NONE',  ( -0.08715574274765208740, 0.9961946980917459893, 1.067350013832227873E-17 ) ) ;
#666 = DIRECTION ( 'NONE',  ( -1.000000000000000000, 6.931167183162738898E-15, 0.000000000000000000 ) ) ;
#667 = VERTEX_POINT ( 'NONE', #1219 ) ;
#668 = ADVANCED_FACE ( 'NONE', ( #1427 ), #1626, .T. ) ;
#669 = DIRECTION ( 'NONE',  ( 6.834509128875590854E-15, 1.000000000000000000, -7.888609052210119806E-31 ) ) ;
#670 = FACE_OUTER_BOUND ( 'NONE', #416, .T. ) ;
#671 = SURFACE_STYLE_FILL_AREA ( #228 ) ;
#672 = AXIS2_PLACEMENT_3D ( 'NONE', #1089, #1961, #14 ) ;
#673 = PLANE ( 'NONE',  #39 ) ;
#674 = CARTESIAN_POINT ( 'NONE',  ( 1.249379343729295933, 0.1955716311606104929, -1.125000000000000000 ) ) ;
#675 = ORIENTED_EDGE ( 'NONE', *, *, #619, .T. ) ;
#676 = STYLED_ITEM ( 'NONE', ( #1763 ), #915 ) ;
#677 = EDGE_LOOP ( 'NONE', ( #1807, #2072, #307, #1819, #1004, #48, #1465, #1499, #2287, #2683, #1476, #949 ) ) ;
#678 = CLOSED_SHELL ( 'NONE', ( #2818, #778, #1614, #2118, #2352, #1435 ) ) ;
#679 = VECTOR ( 'NONE', #1936, 1000.000000000000000 ) ;
#680 = CARTESIAN_POINT ( 'NONE',  ( 0.8101929663054239228, 0.6750000000000000444, -1.487500000000000044 ) ) ;
#681 = CIRCLE ( 'NONE', #1178, 0.1499999999999999667 ) ;
#682 =( LENGTH_UNIT ( ) NAMED_UNIT ( * ) SI_UNIT ( .MILLI., .METRE. ) );
#683 = CARTESIAN_POINT ( 'NONE',  ( 1.249379343729295933, 0.1955716311606104929, 1.149999999999999911 ) ) ;
#684 = EDGE_CURVE ( 'NONE', #479, #2326, #2337, .T. ) ;
#685 = DIRECTION ( 'NONE',  ( -1.000000000000000000, 6.834509128875590854E-15, 0.000000000000000000 ) ) ;
#686 = DIRECTION ( 'NONE',  ( 5.883335303827079825E-45, 8.488231705215440247E-31, 1.000000000000000000 ) ) ;
#687 = DIRECTION ( 'NONE',  ( -1.000000000000000000, 0.000000000000000000, 1.224646799147351975E-16 ) ) ;
#688 = ADVANCED_FACE ( 'NONE', ( #1658 ), #2307, .T. ) ;
#689 = EDGE_CURVE ( 'NONE', #1561, #1947, #2094, .T. ) ;
#690 =( GEOMETRIC_REPRESENTATION_CONTEXT ( 3 ) GLOBAL_UNCERTAINTY_ASSIGNED_CONTEXT ( ( #2215 ) ) GLOBAL_UNIT_ASSIGNED_CONTEXT ( ( #2227, #1750, #247 ) ) REPRESENTATION_CONTEXT ( 'NONE', 'WORKASPACE' ) );
#691 = LINE ( 'NONE', #1163, #2781 ) ;
#692 = CARTESIAN_POINT ( 'NONE',  ( 1.233691310034717992, 0.01625658550409600153, 1.149999999999999911 ) ) ;
#693 = VERTEX_POINT ( 'NONE', #2491 ) ;
#694 = EDGE_LOOP ( 'NONE', ( #2134, #424, #740, #2100 ) ) ;
#695 = DIRECTION ( 'NONE',  ( 0.9961946980917465444, 0.08715574274764634199, -1.219986648345621412E-16 ) ) ;
#696 = DIRECTION ( 'NONE',  ( -1.224646799147351975E-16, 0.000000000000000000, -1.000000000000000000 ) ) ;
#697 = ORIENTED_EDGE ( 'NONE', *, *, #1596, .F. ) ;
#698 = LINE ( 'NONE', #1158, #1680 ) ;
#699 = DIRECTION ( 'NONE',  ( -1.224646799147351975E-16, 0.000000000000000000, -1.000000000000000000 ) ) ;
#700 = DIRECTION ( 'NONE',  ( 6.834509128875590854E-15, 1.000000000000000000, -7.888609052210119806E-31 ) ) ;
#701 = ADVANCED_FACE ( 'NONE', ( #99 ), #2271, .F. ) ;
#702 = CARTESIAN_POINT ( 'NONE',  ( -1.314807033694578076, 0.1793150456565325013, 1.149999999999999911 ) ) ;
#703 = LINE ( 'NONE', #1375, #1275 ) ;
#704 = ORIENTED_EDGE ( 'NONE', *, *, #2302, .F. ) ;
#705 = EDGE_LOOP ( 'NONE', ( #2332, #1574, #1362, #2558 ) ) ;
#706 = FACE_OUTER_BOUND ( 'NONE', #2819, .T. ) ;
#707 = ORIENTED_EDGE ( 'NONE', *, *, #1295, .T. ) ;
#708 = CARTESIAN_POINT ( 'NONE',  ( 0.7598869847780149733, 0.1000000000000050016, 1.462194018472598112 ) ) ;
#709 = ORIENTED_EDGE ( 'NONE', *, *, #184, .T. ) ;
#710 = FACE_OUTER_BOUND ( 'NONE', #2175, .T. ) ;
#711 = CARTESIAN_POINT ( 'NONE',  ( 0.7944450068707570312, 0.4949999999999999956, -0.7500000000000000000 ) ) ;
#712 = CARTESIAN_POINT ( 'NONE',  ( -0.6740590742599109619, 0.4950000000000160383, 1.149999999999999911 ) ) ;
#713 = LINE ( 'NONE', #2248, #630 ) ;
#714 = FACE_OUTER_BOUND ( 'NONE', #1446, .T. ) ;
#715 = ORIENTED_EDGE ( 'NONE', *, *, #1076, .F. ) ;
#716 = EDGE_LOOP ( 'NONE', ( #2584, #233, #2805, #993 ) ) ;
#717 = ADVANCED_FACE ( 'NONE', ( #996 ), #1010, .T. ) ;
#718 = VECTOR ( 'NONE', #1941, 1000.000000000000114 ) ;
#719 = AXIS2_PLACEMENT_3D ( 'NONE', #1426, #786, #2551 ) ;
#720 = DIRECTION ( 'NONE',  ( -1.000000000000000000, 6.945399386795264921E-15, 0.000000000000000000 ) ) ;
#721 = AXIS2_PLACEMENT_3D ( 'NONE', #1084, #606, #2136 ) ;
#722 = EDGE_CURVE ( 'NONE', #189, #61, #529, .T. ) ;
#723 = UNCERTAINTY_MEASURE_WITH_UNIT (LENGTH_MEASURE( 1.000000000000000082E-05 ), #2395, 'distance_accuracy_value', 'NONE');
#724 = DIRECTION ( 'NONE',  ( 6.834509128875590854E-15, 1.000000000000000000, -7.888609052210119806E-31 ) ) ;
#725 = VECTOR ( 'NONE', #760, 1000.000000000000114 ) ;
#726 = AXIS2_PLACEMENT_3D ( 'NONE', #2373, #2609, #2360 ) ;
#727 = DIRECTION ( 'NONE',  ( -5.907521358157999659E-45, -8.505661127838810674E-31, -1.000000000000000000 ) ) ;
#728 = CYLINDRICAL_SURFACE ( 'NONE', #1459, 0.05463627636610561555 ) ;
#729 = VECTOR ( 'NONE', #50, 1000.000000000000000 ) ;
#730 = DIRECTION ( 'NONE',  ( 1.000000000000000000, 7.888609052210119806E-31, -1.224646799147351975E-16 ) ) ;
#731 = LINE ( 'NONE', #1360, #1186 ) ;
#732 = ORIENTED_EDGE ( 'NONE', *, *, #1993, .F. ) ;
#733 = EDGE_LOOP ( 'NONE', ( #2727, #469, #2252, #2284, #2722, #622, #1082, #60, #1190, #1534, #2167, #1948 ) ) ;
#734 = AXIS2_PLACEMENT_3D ( 'NONE', #305, #2521, #783 ) ;
#735 = ORIENTED_EDGE ( 'NONE', *, *, #759, .F. ) ;
#736 = CARTESIAN_POINT ( 'NONE',  ( 0.9101929663054214581, -1.528725063204561252E-14, -0.1749999999999999334 ) ) ;
#737 = STYLED_ITEM ( 'NONE', ( #153 ), #2772 ) ;
#738 = DIRECTION ( 'NONE',  ( -1.224646799147351975E-16, 0.000000000000000000, -1.000000000000000000 ) ) ;
#739 = ORIENTED_EDGE ( 'NONE', *, *, #1507, .F. ) ;
#740 = ORIENTED_EDGE ( 'NONE', *, *, #1880, .F. ) ;
#741 = ADVANCED_FACE ( 'NONE', ( #2748 ), #1644, .F. ) ;
#742 = CARTESIAN_POINT ( 'NONE',  ( 1.199504932610848007, 0.4403637236338955319, -0.7500000000000000000 ) ) ;
#743 = CARTESIAN_POINT ( 'NONE',  ( -0.6898070336945760772, 0.6750000000000160316, 0.2000000000000000111 ) ) ;
#744 = CARTESIAN_POINT ( 'NONE',  ( 1.435192966305421924, 0.1793150456565134887, 1.149999999999999911 ) ) ;
#745 = DIRECTION ( 'NONE',  ( -5.907521358157999659E-45, -8.505661127838810674E-31, -1.000000000000000000 ) ) ;
#746 = PLANE ( 'NONE',  #2782 ) ;
#747 = ORIENTED_EDGE ( 'NONE', *, *, #417, .T. ) ;
#748 = ORIENTED_EDGE ( 'NONE', *, *, #2038, .F. ) ;
#749 = ORIENTED_EDGE ( 'NONE', *, *, #913, .T. ) ;
#750 = CARTESIAN_POINT ( 'NONE',  ( -0.6740590742599109619, 0.4950000000000160383, -0.7500000000000000000 ) ) ;
#751 = DIRECTION ( 'NONE',  ( 0.08715574274766003937, 0.9961946980917454342, -1.067350013832313692E-17 ) ) ;
#752 = VERTEX_POINT ( 'NONE', #2718 ) ;
#753 = VERTEX_POINT ( 'NONE', #2080 ) ;
#754 = DIRECTION ( 'NONE',  ( -0.9961946980917451011, 0.08715574274766310636, 1.219986648345620179E-16 ) ) ;
#755 = ORIENTED_EDGE ( 'NONE', *, *, #1299, .T. ) ;
#756 = ADVANCED_FACE ( 'NONE', ( #372 ), #787, .F. ) ;
#757 = LINE ( 'NONE', #2504, #953 ) ;
#758 = DIRECTION ( 'NONE',  ( -1.000000000000000000, 6.834509128875590854E-15, 4.115852592442034738E-16 ) ) ;
#759 = EDGE_CURVE ( 'NONE', #2171, #1836, #576, .T. ) ;
#760 = DIRECTION ( 'NONE',  ( -0.08682659386425455039, -0.9924325091389664122, -0.08682659386424776415 ) ) ;
#761 = CARTESIAN_POINT ( 'NONE',  ( 0.8101929663054260322, 0.6750000000000000444, -0.7500000000000000000 ) ) ;
#762 = ORIENTED_EDGE ( 'NONE', *, *, #1687, .T. ) ;
#763 = ORIENTED_EDGE ( 'NONE', *, *, #1173, .F. ) ;
#764 = ORIENTED_EDGE ( 'NONE', *, *, #1486, .T. ) ;
#765 = DIRECTION ( 'NONE',  ( -1.000000000000000000, 6.931167183162754676E-15, 0.000000000000000000 ) ) ;
#766 = DIRECTION ( 'NONE',  ( -5.907521358157999659E-45, -8.505661127838810674E-31, -1.000000000000000000 ) ) ;
#767 = VERTEX_POINT ( 'NONE', #1859 ) ;
#768 = EDGE_LOOP ( 'NONE', ( #1280, #1478, #792, #1278 ) ) ;
#769 = VECTOR ( 'NONE', #210, 1000.000000000000114 ) ;
#770 = CARTESIAN_POINT ( 'NONE',  ( -1.079118999999999939, 0.4403637236339115191, -0.7500000000000000000 ) ) ;
#771 = AXIS2_PLACEMENT_3D ( 'NONE', #499, #2203, #2661 ) ;
#772 = PLANE ( 'NONE',  #1184 ) ;
#773 = VECTOR ( 'NONE', #2402, 1000.000000000000000 ) ;
#774 = VECTOR ( 'NONE', #2133, 1000.000000000000000 ) ;
#775 = DIRECTION ( 'NONE',  ( -1.000000000000000000, 6.834509128875590854E-15, 1.224646799147351975E-16 ) ) ;
#776 = EDGE_CURVE ( 'NONE', #752, #667, #757, .T. ) ;
#777 = DIRECTION ( 'NONE',  ( -6.834509128875590854E-15, -1.000000000000000000, 0.000000000000000000 ) ) ;
#778 = ADVANCED_FACE ( 'NONE', ( #2110 ), #800, .F. ) ;
#779 = ORIENTED_EDGE ( 'NONE', *, *, #1232, .F. ) ;
#780 = ORIENTED_EDGE ( 'NONE', *, *, #513, .T. ) ;
#781 = ORIENTED_EDGE ( 'NONE', *, *, #2259, .F. ) ;
#782 = CARTESIAN_POINT ( 'NONE',  ( 0.8101929663054270314, 0.6750000000000000444, 0.2000000000000000111 ) ) ;
#783 = DIRECTION ( 'NONE',  ( 1.000000000000000000, -6.945399386795264921E-15, 0.000000000000000000 ) ) ;
#784 = AXIS2_PLACEMENT_3D ( 'NONE', #680, #940, #1760 ) ;
#785 = ORIENTED_EDGE ( 'NONE', *, *, #1800, .T. ) ;
#786 = DIRECTION ( 'NONE',  ( -6.834509128875590854E-15, -1.000000000000000000, 7.888609052210119806E-31 ) ) ;
#787 = PLANE ( 'NONE',  #308 ) ;
#788 = LINE ( 'NONE', #100, #817 ) ;
#789 = CARTESIAN_POINT ( 'NONE',  ( -0.6898070336945760772, 0.6750000000000160316, 0.7750000000000000222 ) ) ;
#790 = DIRECTION ( 'NONE',  ( -0.08715574274767619312, -0.9961946980917438799, 1.067350013832511832E-17 ) ) ;
#791 = ORIENTED_EDGE ( 'NONE', *, *, #165, .T. ) ;
#792 = ORIENTED_EDGE ( 'NONE', *, *, #1652, .F. ) ;
#793 = EDGE_CURVE ( 'NONE', #2119, #328, #563, .T. ) ;
#794 = ORIENTED_EDGE ( 'NONE', *, *, #1456, .T. ) ;
#795 = PLANE ( 'NONE',  #2518 ) ;
#796 = CARTESIAN_POINT ( 'NONE',  ( 1.233691310034717992, 0.01625658550409600153, 1.149999999999999911 ) ) ;
#797 = EDGE_LOOP ( 'NONE', ( #1437, #2057, #2672, #2606 ) ) ;
#798 = EDGE_CURVE ( 'NONE', #20, #1376, #591, .T. ) ;
#799 = CARTESIAN_POINT ( 'NONE',  ( 1.019504932610844072, 0.2500000000000035527, 1.149999999999999911 ) ) ;
#800 = PLANE ( 'NONE',  #2274 ) ;
#801 =( NAMED_UNIT ( * ) SI_UNIT ( $, .STERADIAN. ) SOLID_ANGLE_UNIT ( ) );
#802 = CARTESIAN_POINT ( 'NONE',  ( -1.128993411118452084, 0.1955716311606264801, -0.7500000000000000000 ) ) ;
#803 = CARTESIAN_POINT ( 'NONE',  ( 1.233691310034717992, 0.01625658550409600153, 1.149999999999999911 ) ) ;
#804 = ORIENTED_EDGE ( 'NONE', *, *, #477, .T. ) ;
#805 = ORIENTED_EDGE ( 'NONE', *, *, #776, .T. ) ;
#806 = LINE ( 'NONE', #138, #2460 ) ;
#807 = ADVANCED_FACE ( 'NONE', ( #113 ), #772, .F. ) ;
#808 = CARTESIAN_POINT ( 'NONE',  ( -0.8444827236338948717, 0.4403637236339115191, 0.7750000000000000222 ) ) ;
#809 = ORIENTED_EDGE ( 'NONE', *, *, #868, .F. ) ;
#810 = ADVANCED_FACE ( 'NONE', ( #2151 ), #1688, .F. ) ;
#811 = DIRECTION ( 'NONE',  ( 7.888609052210119806E-31, -1.000000000000000000, -4.812506762107419705E-32 ) ) ;
#812 = ADVANCED_FACE ( 'NONE', ( #1072 ), #1297, .T. ) ;
#813 = VECTOR ( 'NONE', #1383, 999.9999999999998863 ) ;
#814 = AXIS2_PLACEMENT_3D ( 'NONE', #2033, #43, #2433 ) ;
#815 = CARTESIAN_POINT ( 'NONE',  ( -0.8991190000000000015, 0.4403637236339115191, -0.7500000000000000000 ) ) ;
#816 =( NAMED_UNIT ( * ) PLANE_ANGLE_UNIT ( ) SI_UNIT ( $, .RADIAN. ) );
#817 = VECTOR ( 'NONE', #2541, 999.9999999999998863 ) ;
#818 = AXIS2_PLACEMENT_3D ( 'NONE', #2142, #2330, #2577 ) ;
#819 = VECTOR ( 'NONE', #1080, 1000.000000000000114 ) ;
#820 = CIRCLE ( 'NONE', #221, 0.2346362763661055395 ) ;
#821 = CARTESIAN_POINT ( 'NONE',  ( -0.6898070336945760772, 0.6750000000000160316, 1.149999999999999911 ) ) ;
#822 = CARTESIAN_POINT ( 'NONE',  ( -1.314807033694578076, 0.1793150456565325013, 0.2000000000000000111 ) ) ;
#823 = VERTEX_POINT ( 'NONE', #2382 ) ;
#824 = CIRCLE ( 'NONE', #1633, 0.05463627636610561555 ) ;
#825 = ORIENTED_EDGE ( 'NONE', *, *, #2490, .F. ) ;
#826 = DIRECTION ( 'NONE',  ( -0.9961946980917462113, -0.08715574274764970042, 1.219986648345620179E-16 ) ) ;
#827 = ORIENTED_EDGE ( 'NONE', *, *, #492, .T. ) ;
#828 = AXIS2_PLACEMENT_3D ( 'NONE', #1294, #2566, #1071 ) ;
#829 = DIRECTION ( 'NONE',  ( -1.000000000000000000, 0.000000000000000000, 1.224646799147351975E-16 ) ) ;
#830 = CIRCLE ( 'NONE', #5, 0.2346362763661054285 ) ;
#831 = ADVANCED_FACE ( 'NONE', ( #1699 ), #167, .F. ) ;
#832 = DIRECTION ( 'NONE',  ( -1.000000000000000000, 0.000000000000000000, 1.224646799147351975E-16 ) ) ;
#833 =( NAMED_UNIT ( * ) PLANE_ANGLE_UNIT ( ) SI_UNIT ( $, .RADIAN. ) );
#834 = PLANE ( 'NONE',  #1135 ) ;
#835 = CARTESIAN_POINT ( 'NONE',  ( 0.8101929663054260322, 0.6750000000000000444, -0.7500000000000000000 ) ) ;
#836 = ORIENTED_EDGE ( 'NONE', *, *, #93, .T. ) ;
#837 = SURFACE_STYLE_USAGE ( .BOTH. , #2816 ) ;
#838 = DIRECTION ( 'NONE',  ( -1.000000000000000000, 6.945399386795264921E-15, 0.000000000000000000 ) ) ;
#839 = EDGE_LOOP ( 'NONE', ( #1070, #944, #293, #1912 ) ) ;
#840 = DIRECTION ( 'NONE',  ( -1.224646799147351975E-16, 0.000000000000000000, -1.000000000000000000 ) ) ;
#841 = DIRECTION ( 'NONE',  ( -6.834509128875590854E-15, -1.000000000000000000, 7.888609052210119806E-31 ) ) ;
#842 = CARTESIAN_POINT ( 'NONE',  ( -1.314807033694578076, 0.1793150456565325013, -0.1749999999999999889 ) ) ;
#843 = EDGE_CURVE ( 'NONE', #2795, #1934, #2173, .T. ) ;
#844 = CARTESIAN_POINT ( 'NONE',  ( -0.3398070336945735459, 1.050000000000011813, -1.137499999999999956 ) ) ;
#845 = DIRECTION ( 'NONE',  ( -1.000000000000000000, 7.228014483236698330E-15, 0.000000000000000000 ) ) ;
#846 = EDGE_LOOP ( 'NONE', ( #362, #1606, #905, #334 ) ) ;
#847 = ADVANCED_FACE ( 'NONE', ( #1720 ), #852, .F. ) ;
#848 = CARTESIAN_POINT ( 'NONE',  ( 0.7944450068707570312, 0.4949999999999999956, -0.7500000000000000000 ) ) ;
#849 = DIRECTION ( 'NONE',  ( 0.9961946980917453232, -0.08715574274766003937, -1.219986648345620426E-16 ) ) ;
#850 = ORIENTED_EDGE ( 'NONE', *, *, #2532, .T. ) ;
#851 = CARTESIAN_POINT ( 'NONE',  ( -0.8991190000000000015, 0.2500000000000164868, 0.2000000000000000111 ) ) ;
#852 = CYLINDRICAL_SURFACE ( 'NONE', #218, 0.05463627636610561555 ) ;
#853 = VERTEX_POINT ( 'NONE', #815 ) ;
#854 = CIRCLE ( 'NONE', #2777, 0.2346362763661054285 ) ;
#855 = DIRECTION ( 'NONE',  ( -0.9961946980917451011, 0.08715574274766310636, 1.219986648345620179E-16 ) ) ;
#856 = AXIS2_PLACEMENT_3D ( 'NONE', #2322, #394, #1708 ) ;
#857 = VECTOR ( 'NONE', #2299, 1000.000000000000000 ) ;
#858 = DIRECTION ( 'NONE',  ( -5.391477058146068680E-45, -7.888609052210119806E-31, -1.000000000000000000 ) ) ;
#859 = DIRECTION ( 'NONE',  ( 1.000000000000000000, -6.834509128875590854E-15, 0.000000000000000000 ) ) ;
#860 = AXIS2_PLACEMENT_3D ( 'NONE', #1975, #2423, #1093 ) ;
#861 = AXIS2_PLACEMENT_3D ( 'NONE', #2743, #1907, #2586 ) ;
#862 = ADVANCED_FACE ( 'NONE', ( #2589 ), #1930, .F. ) ;
#863 = EDGE_CURVE ( 'NONE', #1263, #404, #624, .T. ) ;
#864 = CARTESIAN_POINT ( 'NONE',  ( 0.8101929663054270314, 0.6750000000000000444, 0.7750000000000000222 ) ) ;
#865 = VECTOR ( 'NONE', #2708, 1000.000000000000000 ) ;
#866 = AXIS2_PLACEMENT_3D ( 'NONE', #2249, #2721, #286 ) ;
#867 = VERTEX_POINT ( 'NONE', #2787 ) ;
#868 = EDGE_CURVE ( 'NONE', #109, #693, #2580, .T. ) ;
#869 = LINE ( 'NONE', #639, #2113 ) ;
#870 = AXIS2_PLACEMENT_3D ( 'NONE', #1684, #840, #829 ) ;
#871 = DIRECTION ( 'NONE',  ( -1.423856068515750146E-14, -1.000000000000000000, 0.000000000000000000 ) ) ;
#872 = VECTOR ( 'NONE', #350, 1000.000000000000114 ) ;
#873 = FACE_OUTER_BOUND ( 'NONE', #1851, .T. ) ;
#874 = CARTESIAN_POINT ( 'NONE',  ( -0.6784987475914729949, 0.8042543016130430100, 1.501191713896904867 ) ) ;
#875 = CARTESIAN_POINT ( 'NONE',  ( 1.233691310034717992, 0.01625658550409600153, 1.149999999999999911 ) ) ;
#876 = LINE ( 'NONE', #1756, #1640 ) ;
#877 = LINE ( 'NONE', #1124, #2563 ) ;
#878 = EDGE_LOOP ( 'NONE', ( #18, #1138, #508, #2432 ) ) ;
#879 = ORIENTED_EDGE ( 'NONE', *, *, #2318, .F. ) ;
#880 = EDGE_CURVE ( 'NONE', #2780, #1433, #1492, .T. ) ;
#881 = CARTESIAN_POINT ( 'NONE',  ( -1.113305377423875919, 0.01625658550411205119, 1.149999999999999911 ) ) ;
#882 = FILL_AREA_STYLE ('',( #2696 ) ) ;
#883 = LINE ( 'NONE', #1751, #1050 ) ;
#884 = FACE_OUTER_BOUND ( 'NONE', #705, .T. ) ;
#885 = CARTESIAN_POINT ( 'NONE',  ( 0.7944450068707570312, 0.4949999999999999956, -0.1749999999999999889 ) ) ;
#886 = CARTESIAN_POINT ( 'NONE',  ( 0.9101929663054261210, 0.6749999999999993783, 0.2000000000000000111 ) ) ;
#887 = DIRECTION ( 'NONE',  ( 5.883335303827079825E-45, 8.488231705215440247E-31, 1.000000000000000000 ) ) ;
#888 = ORIENTED_EDGE ( 'NONE', *, *, #2614, .F. ) ;
#889 = ORIENTED_EDGE ( 'NONE', *, *, #995, .T. ) ;
#890 = ORIENTED_EDGE ( 'NONE', *, *, #1916, .F. ) ;
#891 = EDGE_CURVE ( 'NONE', #853, #1024, #195, .T. ) ;
#892 = LINE ( 'NONE', #2041, #2374 ) ;
#893 = FILL_AREA_STYLE_COLOUR ( '', #919 ) ;
#894 = ADVANCED_FACE ( 'NONE', ( #1480 ), #2369, .T. ) ;
#895 = CARTESIAN_POINT ( 'NONE',  ( 0.7944450068707570312, 0.4949999999999999956, 0.2000000000000000111 ) ) ;
#896 = DIRECTION ( 'NONE',  ( -1.000000000000000000, 6.834509128875590854E-15, 1.224646799147351975E-16 ) ) ;
#897 = MANIFOLD_SOLID_BREP ( 'NONE', #908 ) ;
#898 = CARTESIAN_POINT ( 'NONE',  ( -1.128993411118452084, 0.1955716311606264801, 0.7750000000000000222 ) ) ;
#899 = FACE_OUTER_BOUND ( 'NONE', #878, .T. ) ;
#900 = AXIS2_PLACEMENT_3D ( 'NONE', #268, #251, #2463 ) ;
#901 = AXIS2_PLACEMENT_3D ( 'NONE', #743, #343, #1846 ) ;
#902 = DIRECTION ( 'NONE',  ( -1.224646799147351975E-16, 0.000000000000000000, -1.000000000000000000 ) ) ;
#903 = DIRECTION ( 'NONE',  ( 0.08715574274764525953, -0.9961946980917466554, -1.067350013832143440E-17 ) ) ;
#904 = VERTEX_POINT ( 'NONE', #90 ) ;
#905 = ORIENTED_EDGE ( 'NONE', *, *, #89, .F. ) ;
#906 = AXIS2_PLACEMENT_3D ( 'NONE', #1352, #2702, #453 ) ;
#907 = COLOUR_RGB ( '',0.7921568627450980005, 0.8196078431372548767, 0.9333333333333333481 ) ;
#908 = CLOSED_SHELL ( 'NONE', ( #2697, #2361, #2703, #2208, #2505, #2092, #2594, #1700, #2616, #2628, #1457, #608, #2194, #1785 ) ) ;
#909 = VECTOR ( 'NONE', #1094, 1000.000000000000000 ) ;
#910 = CARTESIAN_POINT ( 'NONE',  ( -0.8444827236338948717, 0.4403637236339115191, -0.7500000000000000000 ) ) ;
#911 = CARTESIAN_POINT ( 'NONE',  ( -0.6898070336945760772, 0.6750000000000160316, 1.149999999999999911 ) ) ;
#912 = EDGE_LOOP ( 'NONE', ( #2129, #2085, #1562, #2028 ) ) ;
#913 = EDGE_CURVE ( 'NONE', #693, #2263, #2163, .T. ) ;
#914 = DIRECTION ( 'NONE',  ( -1.224646799147351975E-16, 0.000000000000000000, -1.000000000000000000 ) ) ;
#915 = MANIFOLD_SOLID_BREP ( 'NONE', #2191 ) ;
#916 = PLANE ( 'NONE',  #2691 ) ;
#917 = AXIS2_PLACEMENT_3D ( 'NONE', #2063, #1670, #561 ) ;
#918 = FACE_OUTER_BOUND ( 'NONE', #1474, .T. ) ;
#919 = COLOUR_RGB ( '',0.7921568627450980005, 0.8196078431372548767, 0.9333333333333333481 ) ;
#920 = LINE ( 'NONE', #2654, #1411 ) ;
#921 = DIRECTION ( 'NONE',  ( -1.000000000000000000, 6.945399386795264921E-15, 0.000000000000000000 ) ) ;
#922 = EDGE_LOOP ( 'NONE', ( #1573, #1139 ) ) ;
#923 = EDGE_LOOP ( 'NONE', ( #560, #192, #715, #805 ) ) ;
#924 = VERTEX_POINT ( 'NONE', #74 ) ;
#925 = PLANE ( 'NONE',  #2789 ) ;
#926 = ORIENTED_EDGE ( 'NONE', *, *, #374, .T. ) ;
#927 = ORIENTED_EDGE ( 'NONE', *, *, #1063, .T. ) ;
#928 = CARTESIAN_POINT ( 'NONE',  ( -0.8444827236338948717, 0.4403637236339115191, -1.125000000000000000 ) ) ;
#929 = VERTEX_POINT ( 'NONE', #1635 ) ;
#930 = PLANE ( 'NONE',  #2556 ) ;
#931 = EDGE_CURVE ( 'NONE', #117, #2076, #1389, .T. ) ;
#932 = DIRECTION ( 'NONE',  ( 0.9961946980917439909, -0.08715574274767610985, -1.219986648345617221E-16 ) ) ;
#933 = CARTESIAN_POINT ( 'NONE',  ( -1.133755276366106068, 0.2500000000000164868, 0.2000000000000000111 ) ) ;
#934 = CARTESIAN_POINT ( 'NONE',  ( -0.8991190000000000015, 0.2500000000000164868, 1.149999999999999911 ) ) ;
#935 = CARTESIAN_POINT ( 'NONE',  ( -1.079118999999999939, 0.4403637236339115191, -1.125000000000000000 ) ) ;
#936 = EDGE_CURVE ( 'NONE', #661, #51, #537, .T. ) ;
#937 = ORIENTED_EDGE ( 'NONE', *, *, #2078, .T. ) ;
#938 = VERTEX_POINT ( 'NONE', #1824 ) ;
#939 = EDGE_LOOP ( 'NONE', ( #2155, #941, #1264, #1410 ) ) ;
#940 = DIRECTION ( 'NONE',  ( 0.9961946980917449901, -0.08715574274766520191, -6.980394413090215877E-16 ) ) ;
#941 = ORIENTED_EDGE ( 'NONE', *, *, #1899, .F. ) ;
#942 = ORIENTED_EDGE ( 'NONE', *, *, #1963, .T. ) ;
#943 = CARTESIAN_POINT ( 'NONE',  ( -0.3398070336945735459, 1.050000000000011813, -1.137499999999999956 ) ) ;
#944 = ORIENTED_EDGE ( 'NONE', *, *, #405, .F. ) ;
#945 = CARTESIAN_POINT ( 'NONE',  ( -0.8991190000000000015, 0.4403637236339115191, 0.2000000000000000111 ) ) ;
#946 = FACE_OUTER_BOUND ( 'NONE', #912, .T. ) ;
#947 = CARTESIAN_POINT ( 'NONE',  ( -1.128993411118452084, 0.1955716311606264801, -0.7500000000000000000 ) ) ;
#948 = DIRECTION ( 'NONE',  ( 6.834509128875590854E-15, 1.000000000000000000, -7.888609052210119806E-31 ) ) ;
#949 = ORIENTED_EDGE ( 'NONE', *, *, #1317, .F. ) ;
#950 = ORIENTED_EDGE ( 'NONE', *, *, #550, .T. ) ;
#951 = VECTOR ( 'NONE', #1933, 1000.000000000000000 ) ;
#952 = EDGE_CURVE ( 'NONE', #368, #553, #452, .T. ) ;
#953 = VECTOR ( 'NONE', #547, 1000.000000000000114 ) ;
#954 = ADVANCED_FACE ( 'NONE', ( #2059 ), #1854, .T. ) ;
#955 = VERTEX_POINT ( 'NONE', #2285 ) ;
#956 = SURFACE_STYLE_FILL_AREA ( #882 ) ;
#957 = AXIS2_PLACEMENT_3D ( 'NONE', #2412, #1259, #2137 ) ;
#958 = CARTESIAN_POINT ( 'NONE',  ( 1.435192966305421924, 0.1793150456565134887, 1.149999999999999911 ) ) ;
#959 = AXIS2_PLACEMENT_3D ( 'NONE', #407, #1285, #2808 ) ;
#960 = CLOSED_SHELL ( 'NONE', ( #1524, #954, #1262, #147, #1523, #605, #194, #1821, #110, #2455, #2161, #1130, #2771, #2537 ) ) ;
#961 = VECTOR ( 'NONE', #903, 1000.000000000000000 ) ;
#962 = DIRECTION ( 'NONE',  ( 0.9961946980917465444, 0.08715574274764634199, -1.219986648345621412E-16 ) ) ;
#963 = CIRCLE ( 'NONE', #1098, 0.2346362763661055395 ) ;
#964 = EDGE_LOOP ( 'NONE', ( #1401, #215, #2053, #2270 ) ) ;
#965 = CARTESIAN_POINT ( 'NONE',  ( 1.419504932610842207, -7.041719095096990480E-17, 0.7750000000000000222 ) ) ;
#966 = CARTESIAN_POINT ( 'NONE',  ( 0.9648686562447420512, 0.4403637236338990291, 0.7750000000000000222 ) ) ;
#967 = VECTOR ( 'NONE', #2441, 1000.000000000000000 ) ;
#968 = LINE ( 'NONE', #1833, #865 ) ;
#969 = PLANE ( 'NONE',  #548 ) ;
#970 = ORIENTED_EDGE ( 'NONE', *, *, #1575, .T. ) ;
#971 = ORIENTED_EDGE ( 'NONE', *, *, #182, .F. ) ;
#972 = MECHANICAL_DESIGN_GEOMETRIC_PRESENTATION_REPRESENTATION (  '', ( #1106 ), #690 ) ;
#973 = SURFACE_STYLE_USAGE ( .BOTH. , #2498 ) ;
#974 = PRESENTATION_LAYER_ASSIGNMENT (  '', '', ( #1106 ) ) ;
#975 = ADVANCED_FACE ( 'NONE', ( #1327 ), #321, .T. ) ;
#976 = DIRECTION ( 'NONE',  ( -0.9961946980917452121, 0.08715574274766302310, 0.000000000000000000 ) ) ;
#977 = ORIENTED_EDGE ( 'NONE', *, *, #1860, .T. ) ;
#978 = MANIFOLD_SOLID_BREP ( 'NONE', #1917 ) ;
#979 = ORIENTED_EDGE ( 'NONE', *, *, #2038, .T. ) ;
#980 = DIRECTION ( 'NONE',  ( 1.000000000000000000, -6.834509128875590854E-15, -1.224646799147351975E-16 ) ) ;
#981 = ADVANCED_FACE ( 'NONE', ( #1704 ), #23, .T. ) ;
#982 = CARTESIAN_POINT ( 'NONE',  ( -1.314807033694578076, 0.1793150456565325013, 1.149999999999999911 ) ) ;
#983 = DIRECTION ( 'NONE',  ( -6.834509128875590854E-15, -1.000000000000000000, 7.888609052210119806E-31 ) ) ;
#984 = DIRECTION ( 'NONE',  ( -5.695424274063019989E-16, 1.000000000000000000, 0.000000000000000000 ) ) ;
#985 = DIRECTION ( 'NONE',  ( 0.000000000000000000, -1.399777696666560032E-15, -1.000000000000000000 ) ) ;
#986 = ORIENTED_EDGE ( 'NONE', *, *, #2177, .T. ) ;
#987 = EDGE_LOOP ( 'NONE', ( #19, #2658, #1387, #2745 ) ) ;
#988 = EDGE_LOOP ( 'NONE', ( #2523, #1402, #1504, #523 ) ) ;
#989 = CARTESIAN_POINT ( 'NONE',  ( 1.199504932610848007, 0.4403637236338955319, -0.7500000000000000000 ) ) ;
#990 = ORIENTED_EDGE ( 'NONE', *, *, #1146, .T. ) ;
#991 = EDGE_CURVE ( 'NONE', #1598, #1992, #806, .T. ) ;
#992 = PLANE ( 'NONE',  #1101 ) ;
#993 = ORIENTED_EDGE ( 'NONE', *, *, #891, .T. ) ;
#994 = EDGE_CURVE ( 'NONE', #1256, #2326, #2794, .T. ) ;
#995 = EDGE_CURVE ( 'NONE', #1678, #2623, #2104, .T. ) ;
#996 = FACE_OUTER_BOUND ( 'NONE', #768, .T. ) ;
#997 = DIRECTION ( 'NONE',  ( 6.834509128875590854E-15, 1.000000000000000000, -7.888609052210119806E-31 ) ) ;
#998 = DIRECTION ( 'NONE',  ( 7.228014483236699908E-15, 1.000000000000000000, -7.888609052210119806E-31 ) ) ;
#999 = ORIENTED_EDGE ( 'NONE', *, *, #572, .F. ) ;
#1000 = ORIENTED_EDGE ( 'NONE', *, *, #1894, .F. ) ;
#1001 = ORIENTED_EDGE ( 'NONE', *, *, #492, .F. ) ;
#1002 = DIRECTION ( 'NONE',  ( -1.000000000000000000, 6.834509128875590854E-15, 1.224646799147351975E-16 ) ) ;
#1003 = CARTESIAN_POINT ( 'NONE',  ( 1.249379343729295933, 0.1955716311606099933, -0.7500000000000000000 ) ) ;
#1004 = ORIENTED_EDGE ( 'NONE', *, *, #436, .F. ) ;
#1005 = VECTOR ( 'NONE', #207, 1000.000000000000000 ) ;
#1006 = VECTOR ( 'NONE', #1171, 1000.000000000000114 ) ;
#1007 = DIRECTION ( 'NONE',  ( -1.000000000000000000, 6.945399386795264921E-15, 0.000000000000000000 ) ) ;
#1008 = CLOSED_SHELL ( 'NONE', ( #531, #2303, #812, #1060, #2034, #894, #2421, #1615, #668, #717, #688, #1351, #1471 ) ) ;
#1009 = AXIS2_PLACEMENT_3D ( 'NONE', #1034, #2561, #838 ) ;
#1010 = PLANE ( 'NONE',  #2408 ) ;
#1011 = AXIS2_PLACEMENT_3D ( 'NONE', #101, #375, #984 ) ;
#1012 = DIRECTION ( 'NONE',  ( 7.228014483236699908E-15, 1.000000000000000000, -7.888609052210119806E-31 ) ) ;
#1013 = APPLICATION_CONTEXT ( 'automotive_design' ) ;
#1014 = EDGE_CURVE ( 'NONE', #1581, #2140, #613, .T. ) ;
#1015 = CARTESIAN_POINT ( 'NONE',  ( -0.6898070336945750780, 0.6750000000000150324, -1.487500000000000044 ) ) ;
#1016 = FACE_OUTER_BOUND ( 'NONE', #581, .T. ) ;
#1017 = EDGE_LOOP ( 'NONE', ( #2713, #567, #1591, #2385 ) ) ;
#1018 = EDGE_CURVE ( 'NONE', #2625, #1532, #1683, .T. ) ;
#1019 = VERTEX_POINT ( 'NONE', #1226 ) ;
#1020 = ORIENTED_EDGE ( 'NONE', *, *, #1880, .T. ) ;
#1021 = DIRECTION ( 'NONE',  ( -1.000000000000000000, 7.228014483236698330E-15, 0.000000000000000000 ) ) ;
#1022 = CARTESIAN_POINT ( 'NONE',  ( -1.128993411118452084, 0.1955716311606264801, 1.149999999999999911 ) ) ;
#1023 = VECTOR ( 'NONE', #205, 1000.000000000000114 ) ;
#1024 = VERTEX_POINT ( 'NONE', #1213 ) ;
#1025 = CARTESIAN_POINT ( 'NONE',  ( -1.133755276366106068, 0.2500000000000164868, -0.7500000000000000000 ) ) ;
#1026 = DIRECTION ( 'NONE',  ( 0.000000000000000000, -1.399777696666560032E-15, -1.000000000000000000 ) ) ;
#1027 = EDGE_CURVE ( 'NONE', #164, #1252, #1638, .T. ) ;
#1028 = DIRECTION ( 'NONE',  ( -5.907521358157999659E-45, -8.505661127838810674E-31, -1.000000000000000000 ) ) ;
#1029 = CARTESIAN_POINT ( 'NONE',  ( 1.249379343729295933, 0.1955716311606099933, 0.7750000000000000222 ) ) ;
#1030 = ORIENTED_EDGE ( 'NONE', *, *, #1114, .F. ) ;
#1031 = EDGE_CURVE ( 'NONE', #2760, #2780, #349, .T. ) ;
#1032 = EDGE_CURVE ( 'NONE', #2141, #2530, #446, .T. ) ;
#1033 = ORIENTED_EDGE ( 'NONE', *, *, #2131, .T. ) ;
#1034 = CARTESIAN_POINT ( 'NONE',  ( 0.9648686562447420512, 0.4403637236338990291, 1.149999999999999911 ) ) ;
#1035 =( LENGTH_UNIT ( ) NAMED_UNIT ( * ) SI_UNIT ( .MILLI., .METRE. ) );
#1036 = VERTEX_POINT ( 'NONE', #177 ) ;
#1037 = LINE ( 'NONE', #1875, #2526 ) ;
#1038 = DIRECTION ( 'NONE',  ( 1.000000000000000000, -6.834509128875590854E-15, -4.115852592442029808E-16 ) ) ;
#1039 =( NAMED_UNIT ( * ) PLANE_ANGLE_UNIT ( ) SI_UNIT ( $, .RADIAN. ) );
#1040 = DIRECTION ( 'NONE',  ( -1.423856068515750146E-14, -1.000000000000000000, 1.695595709133270369E-30 ) ) ;
#1041 = CARTESIAN_POINT ( 'NONE',  ( -1.314807033694578076, 0.1793150456565325013, 0.2000000000000000111 ) ) ;
#1042 = EDGE_LOOP ( 'NONE', ( #1349, #1413, #629, #2754 ) ) ;
#1043 = LINE ( 'NONE', #1434, #1918 ) ;
#1044 = ORIENTED_EDGE ( 'NONE', *, *, #1095, .F. ) ;
#1045 = ADVANCED_FACE ( 'NONE', ( #378 ), #1868, .T. ) ;
#1046 = CARTESIAN_POINT ( 'NONE',  ( -0.8991190000000000015, 0.4403637236339115191, 0.7750000000000000222 ) ) ;
#1047 = VECTOR ( 'NONE', #1583, 1000.000000000000000 ) ;
#1048 = DIRECTION ( 'NONE',  ( -0.9961946980917455452, 0.08715574274765884588, 1.219986648345618947E-16 ) ) ;
#1049 = DIRECTION ( 'NONE',  ( 1.000000000000000000, -3.017425608596270344E-15, -1.224646799147351975E-16 ) ) ;
#1050 = VECTOR ( 'NONE', #2631, 1000.000000000000000 ) ;
#1051 = VECTOR ( 'NONE', #46, 1000.000000000000000 ) ;
#1052 = VECTOR ( 'NONE', #2353, 1000.000000000000000 ) ;
#1053 = DIRECTION ( 'NONE',  ( -1.224646799147351975E-16, 0.000000000000000000, -1.000000000000000000 ) ) ;
#1054 = PLANE ( 'NONE',  #2507 ) ;
#1055 = EDGE_LOOP ( 'NONE', ( #2183, #850, #2039, #779 ) ) ;
#1056 = VECTOR ( 'NONE', #332, 1000.000000000000000 ) ;
#1057 = EDGE_LOOP ( 'NONE', ( #1386, #463, #602, #2015 ) ) ;
#1058 = DIRECTION ( 'NONE',  ( -5.907521358157999659E-45, -8.505661127838810674E-31, -1.000000000000000000 ) ) ;
#1059 = VERTEX_POINT ( 'NONE', #2758 ) ;
#1060 = ADVANCED_FACE ( 'NONE', ( #1466 ), #795, .T. ) ;
#1061 = CARTESIAN_POINT ( 'NONE',  ( -0.6740590742599109619, 0.4950000000000160383, 1.149999999999999911 ) ) ;
#1062 = AXIS2_PLACEMENT_3D ( 'NONE', #2562, #27, #859 ) ;
#1063 = EDGE_CURVE ( 'NONE', #1828, #955, #1676, .T. ) ;
#1064 = CARTESIAN_POINT ( 'NONE',  ( -0.8444827236338948717, 0.4403637236339115191, -1.125000000000000000 ) ) ;
#1065 = CARTESIAN_POINT ( 'NONE',  ( -0.6898070336945760772, 0.6750000000000160316, 0.2000000000000000111 ) ) ;
#1066 = CARTESIAN_POINT ( 'NONE',  ( -0.8444827236338948717, 0.4403637236339115191, -0.1749999999999999889 ) ) ;
#1067 = ORIENTED_EDGE ( 'NONE', *, *, #1894, .T. ) ;
#1068 = LINE ( 'NONE', #1744, #1544 ) ;
#1069 = CARTESIAN_POINT ( 'NONE',  ( -1.314807033694578076, 0.1793150456565325013, 0.2000000000000000111 ) ) ;
#1070 = ORIENTED_EDGE ( 'NONE', *, *, #1439, .T. ) ;
#1071 = DIRECTION ( 'NONE',  ( 1.000000000000000000, -6.931167183162754676E-15, -1.155194530527125845E-16 ) ) ;
#1072 = FACE_OUTER_BOUND ( 'NONE', #1794, .T. ) ;
#1073 = SURFACE_STYLE_FILL_AREA ( #2788 ) ;
#1074 = ORIENTED_EDGE ( 'NONE', *, *, #2798, .T. ) ;
#1075 = EDGE_CURVE ( 'NONE', #2829, #256, #2826, .T. ) ;
#1076 = EDGE_CURVE ( 'NONE', #752, #2371, #152, .T. ) ;
#1077 = LINE ( 'NONE', #655, #1404 ) ;
#1078 = PLANE ( 'NONE',  #2185 ) ;
#1079 = DIRECTION ( 'NONE',  ( -1.000000000000000000, 6.834509128875590854E-15, 0.000000000000000000 ) ) ;
#1080 = DIRECTION ( 'NONE',  ( 0.9961946980917453232, -0.08715574274766003937, -1.219986648345620426E-16 ) ) ;
#1081 = DIRECTION ( 'NONE',  ( -0.08715574274767619312, -0.9961946980917438799, 1.067350013832511832E-17 ) ) ;
#1082 = ORIENTED_EDGE ( 'NONE', *, *, #2336, .F. ) ;
#1083 = CARTESIAN_POINT ( 'NONE',  ( -0.8991190000000000015, 0.2500000000000164868, 0.2000000000000000111 ) ) ;
#1084 = CARTESIAN_POINT ( 'NONE',  ( -0.6898070336945760772, 0.6750000000000160316, 1.149999999999999911 ) ) ;
#1085 = DIRECTION ( 'NONE',  ( -1.224646799147351975E-16, 0.000000000000000000, -1.000000000000000000 ) ) ;
#1086 = ORIENTED_EDGE ( 'NONE', *, *, #1127, .F. ) ;
#1087 = CARTESIAN_POINT ( 'NONE',  ( -1.128993411118452084, 0.1955716311606264801, -0.7500000000000000000 ) ) ;
#1088 = EDGE_CURVE ( 'NONE', #1947, #2739, #601, .T. ) ;
#1089 = CARTESIAN_POINT ( 'NONE',  ( 0.06019296630542830123, 1.100000000000000089, 0.01250000000000340075 ) ) ;
#1090 = CARTESIAN_POINT ( 'NONE',  ( -1.079118999999999939, 0.2500000000000164868, -1.125000000000000000 ) ) ;
#1091 = AXIS2_PLACEMENT_3D ( 'NONE', #68, #745, #2036 ) ;
#1092 = VECTOR ( 'NONE', #2116, 1000.000000000000114 ) ;
#1093 = DIRECTION ( 'NONE',  ( -1.000000000000000000, 7.228014483236698330E-15, 0.000000000000000000 ) ) ;
#1094 = DIRECTION ( 'NONE',  ( 1.224646799147351975E-16, 0.000000000000000000, 1.000000000000000000 ) ) ;
#1095 = EDGE_CURVE ( 'NONE', #1853, #1363, #1043, .T. ) ;
#1096 = VECTOR ( 'NONE', #344, 1000.000000000000114 ) ;
#1097 = ORIENTED_EDGE ( 'NONE', *, *, #1310, .T. ) ;
#1098 = AXIS2_PLACEMENT_3D ( 'NONE', #2651, #686, #1371 ) ;
#1099 = ORIENTED_EDGE ( 'NONE', *, *, #1485, .T. ) ;
#1100 = CARTESIAN_POINT ( 'NONE',  ( -0.3398070336945735459, 1.050000000000011813, -1.137499999999999956 ) ) ;
#1101 = AXIS2_PLACEMENT_3D ( 'NONE', #1230, #2305, #340 ) ;
#1102 = CARTESIAN_POINT ( 'NONE',  ( -0.8991190000000000015, 0.4403637236339115191, -0.7500000000000000000 ) ) ;
#1103 = LINE ( 'NONE', #2396, #1314 ) ;
#1104 = AXIS2_PLACEMENT_3D ( 'NONE', #910, #2060, #338 ) ;
#1105 = PLANE ( 'NONE',  #2815 ) ;
#1106 = STYLED_ITEM ( 'NONE', ( #1565 ), #275 ) ;
#1107 = CARTESIAN_POINT ( 'NONE',  ( -0.6898070336945739678, 0.6750000000000150324, 1.512499999999999956 ) ) ;
#1108 = SURFACE_SIDE_STYLE ('',( #671 ) ) ;
#1109 = EDGE_CURVE ( 'NONE', #904, #423, #1874, .T. ) ;
#1110 = FILL_AREA_STYLE ('',( #1546 ) ) ;
#1111 = DIRECTION ( 'NONE',  ( -1.224646799147351975E-16, 0.000000000000000000, -1.000000000000000000 ) ) ;
#1112 = ORIENTED_EDGE ( 'NONE', *, *, #1729, .F. ) ;
#1113 = ORIENTED_EDGE ( 'NONE', *, *, #2532, .F. ) ;
#1114 = EDGE_CURVE ( 'NONE', #2625, #2640, #1990, .T. ) ;
#1115 = ORIENTED_EDGE ( 'NONE', *, *, #2799, .F. ) ;
#1116 = CARTESIAN_POINT ( 'NONE',  ( 1.254141208976950139, 0.2500000000000000000, -0.7500000000000000000 ) ) ;
#1117 = APPLICATION_PROTOCOL_DEFINITION ( 'draft international standard', 'automotive_design', 1998, #2086 ) ;
#1118 = FILL_AREA_STYLE_COLOUR ( '', #496 ) ;
#1119 = DIRECTION ( 'NONE',  ( 7.228014483236699908E-15, 1.000000000000000000, -7.888609052210119806E-31 ) ) ;
#1120 = CARTESIAN_POINT ( 'NONE',  ( -0.6898070336945760772, 0.6750000000000160316, 1.149999999999999911 ) ) ;
#1121 = DIRECTION ( 'NONE',  ( -1.000000000000000000, 6.834509128875590854E-15, 4.115852592442034738E-16 ) ) ;
#1122 = DIRECTION ( 'NONE',  ( 0.08682659386425445325, 0.9924325091389664122, -0.08682659386424784742 ) ) ;
#1123 = CARTESIAN_POINT ( 'NONE',  ( -1.079118999999999939, 0.4403637236339115191, -0.7500000000000000000 ) ) ;
#1124 = CARTESIAN_POINT ( 'NONE',  ( -1.079118999999999939, 0.2500000000000164868, 0.2000000000000000111 ) ) ;
#1125 = ORIENTED_EDGE ( 'NONE', *, *, #554, .F. ) ;
#1126 = EDGE_LOOP ( 'NONE', ( #278, #2755, #280, #2199 ) ) ;
#1127 = EDGE_CURVE ( 'NONE', #272, #351, #877, .T. ) ;
#1128 = CARTESIAN_POINT ( 'NONE',  ( -0.8444827236338929843, 0.6750000000000170308, -0.7500000000000000000 ) ) ;
#1129 = LINE ( 'NONE', #911, #2459 ) ;
#1130 = ADVANCED_FACE ( 'NONE', ( #1560 ), #402, .F. ) ;
#1131 = ORIENTED_EDGE ( 'NONE', *, *, #638, .F. ) ;
#1132 = DIRECTION ( 'NONE',  ( 0.9961946980917439909, -0.08715574274767610985, -1.219986648345617221E-16 ) ) ;
#1133 = LINE ( 'NONE', #2005, #813 ) ;
#1134 =( LENGTH_UNIT ( ) NAMED_UNIT ( * ) SI_UNIT ( .MILLI., .METRE. ) );
#1135 = AXIS2_PLACEMENT_3D ( 'NONE', #844, #2193, #1741 ) ;
#1136 = DIRECTION ( 'NONE',  ( -1.423856068515750146E-14, -1.000000000000000000, 1.695595709133270369E-30 ) ) ;
#1137 = DIRECTION ( 'NONE',  ( -1.224646799147351975E-16, 0.000000000000000000, -1.000000000000000000 ) ) ;
#1138 = ORIENTED_EDGE ( 'NONE', *, *, #1963, .F. ) ;
#1139 = ORIENTED_EDGE ( 'NONE', *, *, #2093, .F. ) ;
#1140 = PRESENTATION_LAYER_ASSIGNMENT (  '', '', ( #2007 ) ) ;
#1141 = VERTEX_POINT ( 'NONE', #674 ) ;
#1142 = AXIS2_PLACEMENT_3D ( 'NONE', #1238, #998, #1904 ) ;
#1143 = LINE ( 'NONE', #1128, #967 ) ;
#1144 = EDGE_CURVE ( 'NONE', #2298, #351, #2169, .T. ) ;
#1145 = DIRECTION ( 'NONE',  ( -1.000000000000000000, 6.931167183162751520E-15, 0.000000000000000000 ) ) ;
#1146 = EDGE_CURVE ( 'NONE', #2075, #752, #2182, .T. ) ;
#1147 = CARTESIAN_POINT ( 'NONE',  ( -0.6898070336945760772, 0.6750000000000160316, 0.2000000000000000111 ) ) ;
#1148 = DIRECTION ( 'NONE',  ( -1.000000000000000000, 6.931167183162754676E-15, 0.000000000000000000 ) ) ;
#1149 = AXIS2_PLACEMENT_3D ( 'NONE', #2615, #193, #1267 ) ;
#1150 = DIRECTION ( 'NONE',  ( 1.155194530527123873E-16, 4.813852850567309795E-32, 1.000000000000000000 ) ) ;
#1151 =( GEOMETRIC_REPRESENTATION_CONTEXT ( 3 ) GLOBAL_UNCERTAINTY_ASSIGNED_CONTEXT ( ( #326 ) ) GLOBAL_UNIT_ASSIGNED_CONTEXT ( ( #1134, #1373, #2410 ) ) REPRESENTATION_CONTEXT ( 'NONE', 'WORKASPACE' ) );
#1152 = PLANE ( 'NONE',  #1685 ) ;
#1153 = CARTESIAN_POINT ( 'NONE',  ( -0.6898070336945760772, 0.6750000000000160316, -1.125000000000000000 ) ) ;
#1154 = ORIENTED_EDGE ( 'NONE', *, *, #2398, .F. ) ;
#1155 = ORIENTED_EDGE ( 'NONE', *, *, #550, .F. ) ;
#1156 = FACE_OUTER_BOUND ( 'NONE', #1204, .T. ) ;
#1157 = CARTESIAN_POINT ( 'NONE',  ( 1.254141208976950139, 0.2500000000000000000, 1.149999999999999911 ) ) ;
#1158 = CARTESIAN_POINT ( 'NONE',  ( 0.8101929663054260322, 0.6750000000000000444, -0.1749999999999999889 ) ) ;
#1159 = FACE_OUTER_BOUND ( 'NONE', #846, .T. ) ;
#1160 = DIRECTION ( 'NONE',  ( -1.000000000000000000, 6.931167183162754676E-15, 1.155194530527125845E-16 ) ) ;
#1161 = EDGE_CURVE ( 'NONE', #2329, #509, #820, .T. ) ;
#1162 = EDGE_CURVE ( 'NONE', #1494, #2087, #191, .T. ) ;
#1163 = CARTESIAN_POINT ( 'NONE',  ( 1.019504932610848069, 0.4403637236338985295, -1.125000000000000000 ) ) ;
#1164 = LINE ( 'NONE', #148, #1545 ) ;
#1165 = VERTEX_POINT ( 'NONE', #202 ) ;
#1166 = EDGE_LOOP ( 'NONE', ( #977, #2392 ) ) ;
#1167 = DIRECTION ( 'NONE',  ( 0.08715574274764525953, -0.9961946980917466554, -1.067350013832143440E-17 ) ) ;
#1168 = ORIENTED_EDGE ( 'NONE', *, *, #1398, .F. ) ;
#1169 = LINE ( 'NONE', #2216, #1718 ) ;
#1170 = VERTEX_POINT ( 'NONE', #1501 ) ;
#1171 = DIRECTION ( 'NONE',  ( 0.9961946980917465444, 0.08715574274764634199, -1.219986648345621412E-16 ) ) ;
#1172 = CARTESIAN_POINT ( 'NONE',  ( -1.079118999999999939, 0.2500000000000164868, -0.7500000000000000000 ) ) ;
#1173 = EDGE_CURVE ( 'NONE', #454, #1196, #1547, .T. ) ;
#1174 = CARTESIAN_POINT ( 'NONE',  ( -0.8991190000000000015, 0.4403637236339115191, 0.2000000000000000111 ) ) ;
#1175 = CARTESIAN_POINT ( 'NONE',  ( 0.7944450068707570312, 0.4949999999999999956, 0.2000000000000000111 ) ) ;
#1176 = ORIENTED_EDGE ( 'NONE', *, *, #337, .T. ) ;
#1177 = ORIENTED_EDGE ( 'NONE', *, *, #262, .T. ) ;
#1178 = AXIS2_PLACEMENT_3D ( 'NONE', #1987, #2154, #845 ) ;
#1179 = VECTOR ( 'NONE', #2687, 1000.000000000000000 ) ;
#1180 = EDGE_CURVE ( 'NONE', #667, #1561, #2637, .T. ) ;
#1181 = ORIENTED_EDGE ( 'NONE', *, *, #573, .F. ) ;
#1182 = DIRECTION ( 'NONE',  ( -1.224646799147351975E-16, 0.000000000000000000, -1.000000000000000000 ) ) ;
#1183 = DIRECTION ( 'NONE',  ( -1.224646799147345812E-16, 0.000000000000000000, -1.000000000000000000 ) ) ;
#1184 = AXIS2_PLACEMENT_3D ( 'NONE', #2527, #1270, #832 ) ;
#1185 = ORIENTED_EDGE ( 'NONE', *, *, #2714, .T. ) ;
#1186 = VECTOR ( 'NONE', #1817, 1000.000000000000000 ) ;
#1187 = ORIENTED_EDGE ( 'NONE', *, *, #1748, .T. ) ;
#1188 = CARTESIAN_POINT ( 'NONE',  ( -0.4898070336945729575, 1.100000000000014078, -1.137499999999999956 ) ) ;
#1189 = MECHANICAL_DESIGN_GEOMETRIC_PRESENTATION_REPRESENTATION (  '', ( #450 ), #77 ) ;
#1190 = ORIENTED_EDGE ( 'NONE', *, *, #2384, .F. ) ;
#1191 = DIRECTION ( 'NONE',  ( 0.000000000000000000, -8.009104383747921470E-15, -1.000000000000000000 ) ) ;
#1192 = DIRECTION ( 'NONE',  ( -1.224646799147351975E-16, 0.000000000000000000, -1.000000000000000000 ) ) ;
#1193 = LINE ( 'NONE', #2554, #2234 ) ;
#1194 = CARTESIAN_POINT ( 'NONE',  ( 0.7730102843069089902, 1.100000000000000089, -1.450317318001479894 ) ) ;
#1195 = ORIENTED_EDGE ( 'NONE', *, *, #1908, .F. ) ;
#1196 = VERTEX_POINT ( 'NONE', #429 ) ;
#1197 = EDGE_CURVE ( 'NONE', #2061, #1170, #414, .T. ) ;
#1198 = AXIS2_PLACEMENT_3D ( 'NONE', #45, #2023, #269 ) ;
#1199 = ORIENTED_EDGE ( 'NONE', *, *, #2493, .F. ) ;
#1200 = CARTESIAN_POINT ( 'NONE',  ( -0.6898070336945760772, 0.6750000000000160316, 0.7750000000000000222 ) ) ;
#1201 = LINE ( 'NONE', #1022, #1508 ) ;
#1202 = VERTEX_POINT ( 'NONE', #2804 ) ;
#1203 = EDGE_CURVE ( 'NONE', #2313, #2061, #1745, .T. ) ;
#1204 = EDGE_LOOP ( 'NONE', ( #377, #2426, #2500, #2012 ) ) ;
#1205 = DIRECTION ( 'NONE',  ( -1.224646799147351975E-16, 0.000000000000000000, -1.000000000000000000 ) ) ;
#1206 = DIRECTION ( 'NONE',  ( -7.007058385736710106E-16, 3.951994477546095376E-30, -1.000000000000000000 ) ) ;
#1207 = DIRECTION ( 'NONE',  ( 1.000000000000000000, -6.931167183162754676E-15, -1.155194530527125845E-16 ) ) ;
#1208 = PLANE ( 'NONE',  #1011 ) ;
#1209 = CARTESIAN_POINT ( 'NONE',  ( 0.9101929663054214581, -1.528725063204561252E-14, -0.1749999999999999334 ) ) ;
#1210 = EDGE_LOOP ( 'NONE', ( #76, #2132, #1662, #1885, #794, #103, #1020, #2536, #2364, #1223, #2450, #927 ) ) ;
#1211 = ORIENTED_EDGE ( 'NONE', *, *, #651, .T. ) ;
#1212 = EDGE_LOOP ( 'NONE', ( #1639, #1789, #2214, #71 ) ) ;
#1213 = CARTESIAN_POINT ( 'NONE',  ( -0.8991190000000000015, 0.4403637236339115191, -1.125000000000000000 ) ) ;
#1214 = CARTESIAN_POINT ( 'NONE',  ( 1.199504932610846009, 0.2500000000000000000, 1.149999999999999911 ) ) ;
#1215 = ORIENTED_EDGE ( 'NONE', *, *, #149, .T. ) ;
#1216 = EDGE_CURVE ( 'NONE', #1449, #2070, #29, .T. ) ;
#1217 = UNCERTAINTY_MEASURE_WITH_UNIT (LENGTH_MEASURE( 1.000000000000000082E-05 ), #1236, 'distance_accuracy_value', 'NONE');
#1218 = DIRECTION ( 'NONE',  ( -1.000000000000000000, 6.931167183162754676E-15, 0.000000000000000000 ) ) ;
#1219 = CARTESIAN_POINT ( 'NONE',  ( -0.6898070336945750780, 0.6750000000000150324, -1.487500000000000044 ) ) ;
#1220 = DIRECTION ( 'NONE',  ( 1.155194530527123873E-16, 4.813852850567249583E-32, 1.000000000000000000 ) ) ;
#1221 = CARTESIAN_POINT ( 'NONE',  ( 1.233691310034715771, 0.01625658550409600153, -1.125000000000000000 ) ) ;
#1222 = LINE ( 'NONE', #172, #32 ) ;
#1223 = ORIENTED_EDGE ( 'NONE', *, *, #1521, .T. ) ;
#1224 = EDGE_LOOP ( 'NONE', ( #1377, #2255, #1840, #2496 ) ) ;
#1225 = ORIENTED_EDGE ( 'NONE', *, *, #1929, .F. ) ;
#1226 = CARTESIAN_POINT ( 'NONE',  ( 1.435192966305421924, 0.1793150456565134887, -1.125000000000000000 ) ) ;
#1227 = DIRECTION ( 'NONE',  ( 0.08715574274764971430, -0.9961946980917463224, -1.067350013832196134E-17 ) ) ;
#1228 = VERTEX_POINT ( 'NONE', #2403 ) ;
#1229 = CIRCLE ( 'NONE', #2820, 0.05463627636610561555 ) ;
#1230 = CARTESIAN_POINT ( 'NONE',  ( 0.7944450068707570312, 0.4949999999999999956, 1.149999999999999911 ) ) ;
#1231 = CIRCLE ( 'NONE', #860, 0.1499999999999999667 ) ;
#1232 = EDGE_CURVE ( 'NONE', #2243, #2141, #2424, .T. ) ;
#1233 = CIRCLE ( 'NONE', #866, 0.05463627636610561555 ) ;
#1234 = CARTESIAN_POINT ( 'NONE',  ( -0.6898070336945750780, 0.6750000000000150324, -1.487500000000000044 ) ) ;
#1235 = VECTOR ( 'NONE', #1472, 1000.000000000000000 ) ;
#1236 =( LENGTH_UNIT ( ) NAMED_UNIT ( * ) SI_UNIT ( .MILLI., .METRE. ) );
#1237 = CARTESIAN_POINT ( 'NONE',  ( -0.8991190000000000015, 0.4403637236339115191, 1.149999999999999911 ) ) ;
#1238 = CARTESIAN_POINT ( 'NONE',  ( -0.3398070336945735459, 1.050000000000011813, -1.137499999999999956 ) ) ;
#1239 = ORIENTED_EDGE ( 'NONE', *, *, #208, .F. ) ;
#1240 = AXIS2_PLACEMENT_3D ( 'NONE', #2253, #493, #2642 ) ;
#1241 = ORIENTED_EDGE ( 'NONE', *, *, #1203, .T. ) ;
#1242 = DIRECTION ( 'NONE',  ( 1.000000000000000000, -6.931167183162754676E-15, 0.000000000000000000 ) ) ;
#1243 = PLANE ( 'NONE',  #371 ) ;
#1244 = VECTOR ( 'NONE', #2105, 1000.000000000000000 ) ;
#1245 = ORIENTED_EDGE ( 'NONE', *, *, #1162, .F. ) ;
#1246 = DIRECTION ( 'NONE',  ( -5.883335303827079825E-45, -8.488231705215440247E-31, -1.000000000000000000 ) ) ;
#1247 = DIRECTION ( 'NONE',  ( -0.08715574274764635587, 0.9961946980917465444, 1.067350013832158385E-17 ) ) ;
#1248 = SURFACE_SIDE_STYLE ('',( #2749 ) ) ;
#1249 = LINE ( 'NONE', #789, #2107 ) ;
#1250 = ADVANCED_FACE ( 'NONE', ( #1776 ), #2622, .F. ) ;
#1251 = DIRECTION ( 'NONE',  ( 1.000000000000000000, -1.423856068515750146E-14, -1.224646799147351975E-16 ) ) ;
#1252 = VERTEX_POINT ( 'NONE', #659 ) ;
#1253 = CARTESIAN_POINT ( 'NONE',  ( 0.8101929663054270314, 0.6750000000000000444, 1.149999999999999911 ) ) ;
#1254 = EDGE_CURVE ( 'NONE', #1532, #2802, #1946, .T. ) ;
#1255 = FACE_OUTER_BOUND ( 'NONE', #2296, .T. ) ;
#1256 = VERTEX_POINT ( 'NONE', #864 ) ;
#1257 = CARTESIAN_POINT ( 'NONE',  ( 1.254141208976950139, 0.2500000000000000000, 0.7750000000000000222 ) ) ;
#1258 = SURFACE_STYLE_USAGE ( .BOTH. , #640 ) ;
#1259 = DIRECTION ( 'NONE',  ( 7.228014483236699908E-15, 1.000000000000000000, -7.888609052210119806E-31 ) ) ;
#1260 = DIRECTION ( 'NONE',  ( 1.000000000000000000, -6.834509128875590854E-15, 0.000000000000000000 ) ) ;
#1261 = LINE ( 'NONE', #345, #1092 ) ;
#1262 = ADVANCED_FACE ( 'NONE', ( #1976 ), #1731, .F. ) ;
#1263 = VERTEX_POINT ( 'NONE', #1517 ) ;
#1264 = ORIENTED_EDGE ( 'NONE', *, *, #516, .F. ) ;
#1265 = EDGE_CURVE ( 'NONE', #2313, #1712, #2389, .T. ) ;
#1266 = EDGE_LOOP ( 'NONE', ( #1758, #1977, #1225, #1696, #1663, #781, #540, #2574, #1421, #971, #1909, #732 ) ) ;
#1267 = DIRECTION ( 'NONE',  ( 0.000000000000000000, 1.399777696666059894E-15, -1.000000000000000000 ) ) ;
#1268 = AXIS2_PLACEMENT_3D ( 'NONE', #1315, #238, #226 ) ;
#1269 = VECTOR ( 'NONE', #2618, 1000.000000000000000 ) ;
#1270 = DIRECTION ( 'NONE',  ( -1.224646799147351975E-16, 0.000000000000000000, -1.000000000000000000 ) ) ;
#1271 = LINE ( 'NONE', #2809, #627 ) ;
#1272 = VECTOR ( 'NONE', #724, 1000.000000000000000 ) ;
#1273 =( GEOMETRIC_REPRESENTATION_CONTEXT ( 3 ) GLOBAL_UNCERTAINTY_ASSIGNED_CONTEXT ( ( #2502 ) ) GLOBAL_UNIT_ASSIGNED_CONTEXT ( ( #682, #289, #583 ) ) REPRESENTATION_CONTEXT ( 'NONE', 'WORKASPACE' ) );
#1274 = CIRCLE ( 'NONE', #1091, 0.05463627636610561555 ) ;
#1275 = VECTOR ( 'NONE', #1850, 1000.000000000000000 ) ;
#1276 = DIRECTION ( 'NONE',  ( -1.000000000000000000, 7.228014483236698330E-15, 0.000000000000000000 ) ) ;
#1277 = DIRECTION ( 'NONE',  ( -1.224646799147351975E-16, 0.000000000000000000, -1.000000000000000000 ) ) ;
#1278 = ORIENTED_EDGE ( 'NONE', *, *, #2490, .T. ) ;
#1279 = DIRECTION ( 'NONE',  ( -0.9961946980917461003, -0.08715574274765219842, 1.219986648345622398E-16 ) ) ;
#1280 = ORIENTED_EDGE ( 'NONE', *, *, #1841, .T. ) ;
#1281 = AXIS2_PLACEMENT_3D ( 'NONE', #1025, #141, #1218 ) ;
#1282 = EDGE_CURVE ( 'NONE', #1059, #1433, #1385, .T. ) ;
#1283 = PLANE ( 'NONE',  #870 ) ;
#1284 = EDGE_CURVE ( 'NONE', #823, #2223, #2026, .T. ) ;
#1285 = DIRECTION ( 'NONE',  ( -1.856476663710120965E-16, -0.08715574274765836016, 0.9961946980917455452 ) ) ;
#1286 = LINE ( 'NONE', #52, #1913 ) ;
#1287 = PLANE ( 'NONE',  #34 ) ;
#1288 = DIRECTION ( 'NONE',  ( 1.000000000000000000, -3.017425608596270344E-15, -1.224646799147351975E-16 ) ) ;
#1289 = ORIENTED_EDGE ( 'NONE', *, *, #2452, .F. ) ;
#1290 = DIRECTION ( 'NONE',  ( -1.000000000000000000, 6.945399386795264921E-15, 0.000000000000000000 ) ) ;
#1291 = CARTESIAN_POINT ( 'NONE',  ( 0.9648686562447420512, 0.4403637236338990291, 0.7750000000000000222 ) ) ;
#1292 = VERTEX_POINT ( 'NONE', #2438 ) ;
#1293 = ORIENTED_EDGE ( 'NONE', *, *, #798, .F. ) ;
#1294 = CARTESIAN_POINT ( 'NONE',  ( -0.8444827236338948717, 0.4403637236339115191, 0.2000000000000000111 ) ) ;
#1295 = EDGE_CURVE ( 'NONE', #1228, #2694, #1346, .T. ) ;
#1296 = PRODUCT_CONTEXT ( 'NONE', #2086, 'mechanical' ) ;
#1297 = PLANE ( 'NONE',  #2462 ) ;
#1298 = ORIENTED_EDGE ( 'NONE', *, *, #1860, .F. ) ;
#1299 = EDGE_CURVE ( 'NONE', #61, #1305, #731, .T. ) ;
#1300 = CARTESIAN_POINT ( 'NONE',  ( -0.6898070336945760772, 0.6750000000000160316, -0.1749999999999999889 ) ) ;
#1301 = CYLINDRICAL_SURFACE ( 'NONE', #726, 0.1499999999999999667 ) ;
#1302 = DIRECTION ( 'NONE',  ( -1.224646799147351975E-16, 0.000000000000000000, -1.000000000000000000 ) ) ;
#1303 =( NAMED_UNIT ( * ) PLANE_ANGLE_UNIT ( ) SI_UNIT ( $, .RADIAN. ) );
#1304 = CARTESIAN_POINT ( 'NONE',  ( 0.9648686562447430504, 0.4949999999999999956, 1.149999999999999911 ) ) ;
#1305 = VERTEX_POINT ( 'NONE', #69 ) ;
#1306 = ORIENTED_EDGE ( 'NONE', *, *, #1282, .T. ) ;
#1307 = CARTESIAN_POINT ( 'NONE',  ( 1.249379343729295933, 0.1955716311606104929, -0.7500000000000000000 ) ) ;
#1308 = FILL_AREA_STYLE ('',( #653 ) ) ;
#1309 = LINE ( 'NONE', #2590, #35 ) ;
#1310 = EDGE_CURVE ( 'NONE', #2223, #1024, #1619, .T. ) ;
#1311 = ORIENTED_EDGE ( 'NONE', *, *, #1018, .F. ) ;
#1312 = AXIS2_PLACEMENT_3D ( 'NONE', #296, #2272, #2233 ) ;
#1313 = CARTESIAN_POINT ( 'NONE',  ( -1.113305377423875919, 0.01625658550411205119, 0.2000000000000000111 ) ) ;
#1314 = VECTOR ( 'NONE', #185, 1000.000000000000000 ) ;
#1315 = CARTESIAN_POINT ( 'NONE',  ( 0.8101929663054270314, 0.6750000000000000444, 0.2000000000000000111 ) ) ;
#1316 = LINE ( 'NONE', #1943, #1971 ) ;
#1317 = EDGE_CURVE ( 'NONE', #2076, #51, #271, .T. ) ;
#1318 = EDGE_CURVE ( 'NONE', #509, #1256, #47, .T. ) ;
#1319 = VECTOR ( 'NONE', #2362, 1000.000000000000000 ) ;
#1320 = AXIS2_PLACEMENT_3D ( 'NONE', #390, #1058, #1925 ) ;
#1321 = DIRECTION ( 'NONE',  ( -5.907521358157999659E-45, -8.505661127838810674E-31, -1.000000000000000000 ) ) ;
#1322 = VECTOR ( 'NONE', #1121, 1000.000000000000000 ) ;
#1323 = EDGE_LOOP ( 'NONE', ( #1533, #2680, #1999, #600 ) ) ;
#1324 = CYLINDRICAL_SURFACE ( 'NONE', #1104, 0.05463627636610561555 ) ;
#1325 = VECTOR ( 'NONE', #2162, 1000.000000000000114 ) ;
#1326 = FILL_AREA_STYLE ('',( #893 ) ) ;
#1327 = FACE_OUTER_BOUND ( 'NONE', #964, .T. ) ;
#1328 = CARTESIAN_POINT ( 'NONE',  ( 0.7944450068707570312, 0.4949999999999999956, -0.7500000000000000000 ) ) ;
#1329 = AXIS2_PLACEMENT_3D ( 'NONE', #2499, #1227, #556 ) ;
#1330 = FACE_OUTER_BOUND ( 'NONE', #621, .T. ) ;
#1331 = CARTESIAN_POINT ( 'NONE',  ( 0.7944450068707570312, 0.4949999999999999956, 1.149999999999999911 ) ) ;
#1332 =( NAMED_UNIT ( * ) SI_UNIT ( $, .STERADIAN. ) SOLID_ANGLE_UNIT ( ) );
#1333 = ADVANCED_FACE ( 'NONE', ( #2052 ), #533, .F. ) ;
#1334 = PRESENTATION_STYLE_ASSIGNMENT (( #837 ) ) ;
#1335 = CARTESIAN_POINT ( 'NONE',  ( -0.6898070336945760772, 0.6750000000000160316, -0.7500000000000000000 ) ) ;
#1336 = ORIENTED_EDGE ( 'NONE', *, *, #263, .F. ) ;
#1337 = ORIENTED_EDGE ( 'NONE', *, *, #388, .T. ) ;
#1338 = CARTESIAN_POINT ( 'NONE',  ( -0.1898070336945729963, 1.050000000000011813, -1.137499999999999956 ) ) ;
#1339 = SHAPE_DEFINITION_REPRESENTATION ( #1843, #275 ) ;
#1340 = CARTESIAN_POINT ( 'NONE',  ( 0.8101929663054260322, 0.6750000000000000444, -0.7500000000000000000 ) ) ;
#1341 = ORIENTED_EDGE ( 'NONE', *, *, #7, .F. ) ;
#1342 = CARTESIAN_POINT ( 'NONE',  ( -0.8444827236338948717, 0.4403637236339115191, 1.149999999999999911 ) ) ;
#1343 = LINE ( 'NONE', #2246, #2565 ) ;
#1344 = PLANE ( 'NONE',  #1884 ) ;
#1345 = FACE_OUTER_BOUND ( 'NONE', #647, .T. ) ;
#1346 = LINE ( 'NONE', #1572, #1496 ) ;
#1347 = ORIENTED_EDGE ( 'NONE', *, *, #1729, .T. ) ;
#1348 = EDGE_CURVE ( 'NONE', #1978, #2281, #2495, .T. ) ;
#1349 = ORIENTED_EDGE ( 'NONE', *, *, #436, .T. ) ;
#1350 = DIRECTION ( 'NONE',  ( -0.08715574274764635587, 0.9961946980917465444, 1.067350013832158385E-17 ) ) ;
#1351 = ADVANCED_FACE ( 'NONE', ( #521 ), #969, .T. ) ;
#1352 = CARTESIAN_POINT ( 'NONE',  ( -0.6898070336945739678, 0.6750000000000150324, 1.512499999999999956 ) ) ;
#1353 = ORIENTED_EDGE ( 'NONE', *, *, #161, .T. ) ;
#1354 = PLANE ( 'NONE',  #1813 ) ;
#1355 = CARTESIAN_POINT ( 'NONE',  ( -1.113305377423875919, 0.01625658550411205119, 0.7750000000000000222 ) ) ;
#1356 = PLANE ( 'NONE',  #1737 ) ;
#1357 = PRESENTATION_LAYER_ASSIGNMENT (  '', '', ( #1542 ) ) ;
#1358 = VECTOR ( 'NONE', #1986, 1000.000000000000000 ) ;
#1359 = CARTESIAN_POINT ( 'NONE',  ( -1.133755276366106068, 0.2500000000000164868, -0.7500000000000000000 ) ) ;
#1360 = CARTESIAN_POINT ( 'NONE',  ( -1.299119000000000135, 1.851004289445749798E-14, 1.149999999999999911 ) ) ;
#1361 = VERTEX_POINT ( 'NONE', #1788 ) ;
#1362 = ORIENTED_EDGE ( 'NONE', *, *, #995, .F. ) ;
#1363 = VERTEX_POINT ( 'NONE', #935 ) ;
#1364 = CIRCLE ( 'NONE', #2108, 0.05463627636610561555 ) ;
#1365 = CARTESIAN_POINT ( 'NONE',  ( -0.4898070336945729575, 1.050000000000014033, -1.137499999999999956 ) ) ;
#1366 = EDGE_CURVE ( 'NONE', #2701, #1445, #502, .T. ) ;
#1367 = ADVANCED_FACE ( 'NONE', ( #714 ), #2069, .T. ) ;
#1368 = CARTESIAN_POINT ( 'NONE',  ( 0.9648686562447440496, 0.6750000000000000444, 1.149999999999999911 ) ) ;
#1369 = ADVANCED_FACE ( 'NONE', ( #2709 ), #746, .F. ) ;
#1370 = DIRECTION ( 'NONE',  ( 0.000000000000000000, 1.399777696666059894E-15, -1.000000000000000000 ) ) ;
#1371 = DIRECTION ( 'NONE',  ( -1.000000000000000000, 6.931167183162751520E-15, 0.000000000000000000 ) ) ;
#1372 = VECTOR ( 'NONE', #2380, 1000.000000000000000 ) ;
#1373 =( NAMED_UNIT ( * ) PLANE_ANGLE_UNIT ( ) SI_UNIT ( $, .RADIAN. ) );
#1374 = LINE ( 'NONE', #2494, #2646 ) ;
#1375 = CARTESIAN_POINT ( 'NONE',  ( -0.6898070336945760772, 0.6750000000000160316, 0.2000000000000000111 ) ) ;
#1376 = VERTEX_POINT ( 'NONE', #1194 ) ;
#1377 = ORIENTED_EDGE ( 'NONE', *, *, #2452, .T. ) ;
#1378 = ORIENTED_EDGE ( 'NONE', *, *, #1088, .T. ) ;
#1379 = DIRECTION ( 'NONE',  ( -1.224646799147351975E-16, 0.000000000000000000, -1.000000000000000000 ) ) ;
#1380 = EDGE_LOOP ( 'NONE', ( #1732, #41, #204, #937 ) ) ;
#1381 = CARTESIAN_POINT ( 'NONE',  ( -0.8444827236338939835, 0.4950000000000170375, -1.125000000000000000 ) ) ;
#1382 = CARTESIAN_POINT ( 'NONE',  ( -1.128993411118452084, 0.1955716311606264801, -0.7500000000000000000 ) ) ;
#1383 = DIRECTION ( 'NONE',  ( 0.08715574274765885976, 0.9961946980917455452, -1.067350013832299363E-17 ) ) ;
#1384 = CARTESIAN_POINT ( 'NONE',  ( -1.314807033694578076, 0.1793150456565325013, -1.125000000000000000 ) ) ;
#1385 = LINE ( 'NONE', #1175, #2282 ) ;
#1386 = ORIENTED_EDGE ( 'NONE', *, *, #1180, .F. ) ;
#1387 = ORIENTED_EDGE ( 'NONE', *, *, #2244, .F. ) ;
#1388 = ORIENTED_EDGE ( 'NONE', *, *, #2379, .F. ) ;
#1389 = LINE ( 'NONE', #304, #2328 ) ;
#1390 = DIRECTION ( 'NONE',  ( -5.907521358157999659E-45, -8.505661127838810674E-31, -1.000000000000000000 ) ) ;
#1391 = ORIENTED_EDGE ( 'NONE', *, *, #572, .T. ) ;
#1392 = DIRECTION ( 'NONE',  ( -1.423856068515750146E-14, -1.000000000000000000, 1.695595709133270369E-30 ) ) ;
#1393 = ORIENTED_EDGE ( 'NONE', *, *, #2614, .T. ) ;
#1394 = DIRECTION ( 'NONE',  ( 0.08715574274764525953, -0.9961946980917466554, -1.067350013832143440E-17 ) ) ;
#1395 = EDGE_CURVE ( 'NONE', #2119, #2251, #1364, .T. ) ;
#1396 = FACE_OUTER_BOUND ( 'NONE', #1623, .T. ) ;
#1397 = FACE_OUTER_BOUND ( 'NONE', #939, .T. ) ;
#1398 = EDGE_CURVE ( 'NONE', #2264, #2147, #703, .T. ) ;
#1399 = CARTESIAN_POINT ( 'NONE',  ( 0.8101929663054260322, 0.6750000000000000444, 1.512499999999999956 ) ) ;
#1400 = EDGE_CURVE ( 'NONE', #1759, #924, #1233, .T. ) ;
#1401 = ORIENTED_EDGE ( 'NONE', *, *, #1075, .T. ) ;
#1402 = ORIENTED_EDGE ( 'NONE', *, *, #664, .F. ) ;
#1403 = VECTOR ( 'NONE', #643, 1000.000000000000114 ) ;
#1404 = VECTOR ( 'NONE', #2351, 1000.000000000000114 ) ;
#1405 = ORIENTED_EDGE ( 'NONE', *, *, #2414, .F. ) ;
#1406 = DIRECTION ( 'NONE',  ( 1.000000000000000000, 0.000000000000000000, -1.224646799147351975E-16 ) ) ;
#1407 = AXIS2_PLACEMENT_3D ( 'NONE', #2685, #2674, #1145 ) ;
#1408 = DIRECTION ( 'NONE',  ( -1.000000000000000000, 6.945399386795264921E-15, 0.000000000000000000 ) ) ;
#1409 = VECTOR ( 'NONE', #1206, 1000.000000000000000 ) ;
#1410 = ORIENTED_EDGE ( 'NONE', *, *, #1611, .T. ) ;
#1411 = VECTOR ( 'NONE', #58, 1000.000000000000000 ) ;
#1412 = VECTOR ( 'NONE', #1081, 1000.000000000000114 ) ;
#1413 = ORIENTED_EDGE ( 'NONE', *, *, #2732, .F. ) ;
#1414 = CARTESIAN_POINT ( 'NONE',  ( 1.019504932610848069, 0.4403637236338985295, 1.149999999999999911 ) ) ;
#1415 = VECTOR ( 'NONE', #1277, 1000.000000000000000 ) ;
#1416 = CARTESIAN_POINT ( 'NONE',  ( 0.9648686562447420512, 0.4403637236338990291, 0.2000000000000000111 ) ) ;
#1417 = CARTESIAN_POINT ( 'NONE',  ( -1.079118999999999939, 0.2500000000000164868, 0.7750000000000000222 ) ) ;
#1418 = DIRECTION ( 'NONE',  ( -0.08715574274764635587, 0.9961946980917465444, 1.067350013832158385E-17 ) ) ;
#1419 = ORIENTED_EDGE ( 'NONE', *, *, #36, .T. ) ;
#1420 = EDGE_CURVE ( 'NONE', #1444, #2329, #1164, .T. ) ;
#1421 = ORIENTED_EDGE ( 'NONE', *, *, #1075, .F. ) ;
#1422 = DIRECTION ( 'NONE',  ( -1.224646799147351975E-16, 0.000000000000000000, -1.000000000000000000 ) ) ;
#1423 = FACE_OUTER_BOUND ( 'NONE', #2550, .T. ) ;
#1424 = EDGE_LOOP ( 'NONE', ( #1241, #1674, #476, #1883, #133, #365, #2262, #1337, #2405, #1391, #118, #2638 ) ) ;
#1425 = ORIENTED_EDGE ( 'NONE', *, *, #793, .T. ) ;
#1426 = CARTESIAN_POINT ( 'NONE',  ( -0.6898070336945760772, 0.6750000000000160316, -0.7500000000000000000 ) ) ;
#1427 = FACE_OUTER_BOUND ( 'NONE', #2170, .T. ) ;
#1428 = SURFACE_SIDE_STYLE ('',( #2111 ) ) ;
#1429 = LINE ( 'NONE', #2323, #2602 ) ;
#1430 = CYLINDRICAL_SURFACE ( 'NONE', #1959, 0.05463627636610561555 ) ;
#1431 = ORIENTED_EDGE ( 'NONE', *, *, #952, .F. ) ;
#1432 = EDGE_LOOP ( 'NONE', ( #1818, #889, #827, #2475, #2487, #568, #380, #346, #2045, #140, #2143, #791 ) ) ;
#1433 = VERTEX_POINT ( 'NONE', #598 ) ;
#1434 = CARTESIAN_POINT ( 'NONE',  ( -1.079118999999999939, 0.4403637236339115191, -0.7500000000000000000 ) ) ;
#1435 = ADVANCED_FACE ( 'NONE', ( #1016 ), #1862, .F. ) ;
#1436 = CARTESIAN_POINT ( 'NONE',  ( 0.9648686562447430504, 0.4949999999999999956, 0.7750000000000000222 ) ) ;
#1437 = ORIENTED_EDGE ( 'NONE', *, *, #208, .T. ) ;
#1438 = CARTESIAN_POINT ( 'NONE',  ( -0.6898070336945760772, 0.6750000000000160316, -0.1749999999999999889 ) ) ;
#1439 = EDGE_CURVE ( 'NONE', #51, #1978, #2543, .T. ) ;
#1440 = CARTESIAN_POINT ( 'NONE',  ( -1.113305377423875919, 0.01625658550411205119, 1.149999999999999911 ) ) ;
#1441 = PLANE ( 'NONE',  #856 ) ;
#1442 = DIRECTION ( 'NONE',  ( 0.9961946980917453232, -0.08715574274766003937, -1.219986648345620426E-16 ) ) ;
#1443 = DIRECTION ( 'NONE',  ( 1.000000000000000000, -6.931167183162754676E-15, 0.000000000000000000 ) ) ;
#1444 = VERTEX_POINT ( 'NONE', #2765 ) ;
#1445 = VERTEX_POINT ( 'NONE', #2529 ) ;
#1446 = EDGE_LOOP ( 'NONE', ( #2297, #1518, #1155, #1650 ) ) ;
#1447 = DIRECTION ( 'NONE',  ( 0.08715574274764525953, -0.9961946980917466554, -1.067350013832143440E-17 ) ) ;
#1448 = PLANE ( 'NONE',  #1878 ) ;
#1449 = VERTEX_POINT ( 'NONE', #822 ) ;
#1450 = VECTOR ( 'NONE', #410, 1000.000000000000000 ) ;
#1451 = AXIS2_PLACEMENT_3D ( 'NONE', #2081, #1012, #383 ) ;
#1452 = VECTOR ( 'NONE', #1447, 1000.000000000000000 ) ;
#1453 = DIRECTION ( 'NONE',  ( 1.000000000000000000, -6.931167183162754676E-15, 0.000000000000000000 ) ) ;
#1454 = VECTOR ( 'NONE', #1530, 1000.000000000000114 ) ;
#1455 = AXIS2_PLACEMENT_3D ( 'NONE', #1335, #1279, #1531 ) ;
#1456 = EDGE_CURVE ( 'NONE', #2229, #1494, #1592, .T. ) ;
#1457 = ADVANCED_FACE ( 'NONE', ( #565 ), #2737, .F. ) ;
#1458 = CARTESIAN_POINT ( 'NONE',  ( 0.7730102843069089902, 1.100000000000000089, -1.487500000000000044 ) ) ;
#1459 = AXIS2_PLACEMENT_3D ( 'NONE', #2480, #484, #519 ) ;
#1460 =( NAMED_UNIT ( * ) SI_UNIT ( $, .STERADIAN. ) SOLID_ANGLE_UNIT ( ) );
#1461 = LINE ( 'NONE', #2294, #1873 ) ;
#1462 = CARTESIAN_POINT ( 'NONE',  ( 1.199504932610848007, 0.4403637236338955319, 1.149999999999999911 ) ) ;
#1463 = ORIENTED_EDGE ( 'NONE', *, *, #1400, .T. ) ;
#1464 = VECTOR ( 'NONE', #1643, 1000.000000000000000 ) ;
#1465 = ORIENTED_EDGE ( 'NONE', *, *, #1366, .F. ) ;
#1466 = FACE_OUTER_BOUND ( 'NONE', #923, .T. ) ;
#1467 = VERTEX_POINT ( 'NONE', #1649 ) ;
#1468 = DIRECTION ( 'NONE',  ( 5.883335303827079825E-45, 8.488231705215440247E-31, 1.000000000000000000 ) ) ;
#1469 = DIRECTION ( 'NONE',  ( -5.695424274063019989E-16, 1.000000000000000000, 1.178738986912482035E-31 ) ) ;
#1470 = SURFACE_STYLE_USAGE ( .BOTH. , #1428 ) ;
#1471 = ADVANCED_FACE ( 'NONE', ( #2792 ), #2753, .F. ) ;
#1472 = DIRECTION ( 'NONE',  ( -1.224646799147351975E-16, 0.000000000000000000, -1.000000000000000000 ) ) ;
#1473 = DIRECTION ( 'NONE',  ( -1.000000000000000000, 6.945399386795264921E-15, 0.000000000000000000 ) ) ;
#1474 = EDGE_LOOP ( 'NONE', ( #1431, #2531, #1705, #1872 ) ) ;
#1475 = EDGE_CURVE ( 'NONE', #1449, #1992, #2513, .T. ) ;
#1476 = ORIENTED_EDGE ( 'NONE', *, *, #1439, .F. ) ;
#1477 = CARTESIAN_POINT ( 'NONE',  ( 0.8101929663054239228, 0.6750000000000000444, -1.487500000000000044 ) ) ;
#1478 = ORIENTED_EDGE ( 'NONE', *, *, #298, .F. ) ;
#1479 = LINE ( 'NONE', #2135, #1023 ) ;
#1480 = FACE_OUTER_BOUND ( 'NONE', #1323, .T. ) ;
#1481 = CARTESIAN_POINT ( 'NONE',  ( -1.079118999999999939, 0.4403637236339115191, 0.7750000000000000222 ) ) ;
#1482 = ADVANCED_FACE ( 'NONE', ( #2325 ), #1430, .F. ) ;
#1483 = CARTESIAN_POINT ( 'NONE',  ( 0.7944450068707570312, 0.4949999999999999956, 0.2000000000000000111 ) ) ;
#1484 = LINE ( 'NONE', #2634, #1415 ) ;
#1485 = EDGE_CURVE ( 'NONE', #2545, #571, #1261, .T. ) ;
#1486 = EDGE_CURVE ( 'NONE', #544, #328, #1673, .T. ) ;
#1487 = LINE ( 'NONE', #1965, #2055 ) ;
#1488 = CARTESIAN_POINT ( 'NONE',  ( -0.6740590742599109619, 0.4950000000000160383, 0.2000000000000000111 ) ) ;
#1489 = ORIENTED_EDGE ( 'NONE', *, *, #1265, .F. ) ;
#1490 = CARTESIAN_POINT ( 'NONE',  ( -0.6526243516960540392, 1.100000000000014078, 1.475317318001486022 ) ) ;
#1491 = PRESENTATION_LAYER_ASSIGNMENT (  '', '', ( #2409 ) ) ;
#1492 = LINE ( 'NONE', #2617, #175 ) ;
#1493 = PRESENTATION_STYLE_ASSIGNMENT (( #422 ) ) ;
#1494 = VERTEX_POINT ( 'NONE', #803 ) ;
#1495 = CIRCLE ( 'NONE', #635, 0.05463627636610561555 ) ;
#1496 = VECTOR ( 'NONE', #948, 1000.000000000000000 ) ;
#1497 = DIRECTION ( 'NONE',  ( -1.224646799147351975E-16, 0.000000000000000000, -1.000000000000000000 ) ) ;
#1498 = CARTESIAN_POINT ( 'NONE',  ( -1.314807033694578076, 0.1793150456565325013, -0.7500000000000000000 ) ) ;
#1499 = ORIENTED_EDGE ( 'NONE', *, *, #2177, .F. ) ;
#1500 = DIRECTION ( 'NONE',  ( -0.08715574274765208740, 0.9961946980917459893, 1.067350013832227873E-17 ) ) ;
#1501 = CARTESIAN_POINT ( 'NONE',  ( 0.9648686562447420512, 0.4949999999999999956, -0.7500000000000000000 ) ) ;
#1502 = ORIENTED_EDGE ( 'NONE', *, *, #388, .F. ) ;
#1503 = EDGE_CURVE ( 'NONE', #1712, #2327, #1222, .T. ) ;
#1504 = ORIENTED_EDGE ( 'NONE', *, *, #67, .F. ) ;
#1505 = VECTOR ( 'NONE', #33, 1000.000000000000114 ) ;
#1506 = FACE_OUTER_BOUND ( 'NONE', #1210, .T. ) ;
#1507 = EDGE_CURVE ( 'NONE', #1170, #867, #170, .T. ) ;
#1508 = VECTOR ( 'NONE', #2759, 1000.000000000000114 ) ;
#1509 =( NAMED_UNIT ( * ) PLANE_ANGLE_UNIT ( ) SI_UNIT ( $, .RADIAN. ) );
#1510 = DIRECTION ( 'NONE',  ( -1.224646799147351975E-16, 0.000000000000000000, -1.000000000000000000 ) ) ;
#1511 = ORIENTED_EDGE ( 'NONE', *, *, #1284, .T. ) ;
#1512 = EDGE_LOOP ( 'NONE', ( #780, #2390, #342, #1792 ) ) ;
#1513 = LINE ( 'NONE', #2386, #1719 ) ;
#1514 = CARTESIAN_POINT ( 'NONE',  ( -1.133755276366106068, 0.2500000000000164868, -0.1749999999999999889 ) ) ;
#1515 = CARTESIAN_POINT ( 'NONE',  ( -1.133755276366106068, 0.2500000000000164868, 0.2000000000000000111 ) ) ;
#1516 = LINE ( 'NONE', #2611, #773 ) ;
#1517 = CARTESIAN_POINT ( 'NONE',  ( -0.6898070336945760772, 0.6750000000000160316, 1.149999999999999911 ) ) ;
#1518 = ORIENTED_EDGE ( 'NONE', *, *, #1611, .F. ) ;
#1519 = ORIENTED_EDGE ( 'NONE', *, *, #36, .F. ) ;
#1520 = EDGE_LOOP ( 'NONE', ( #2533, #675, #243, #323, #950, #2576, #1033, #2378, #2280, #2440, #762, #333 ) ) ;
#1521 = EDGE_CURVE ( 'NONE', #2251, #2222, #386, .T. ) ;
#1522 = DIRECTION ( 'NONE',  ( 1.224646799147351975E-16, 0.000000000000000000, 1.000000000000000000 ) ) ;
#1523 = ADVANCED_FACE ( 'NONE', ( #2343 ), #1660, .F. ) ;
#1524 = ADVANCED_FACE ( 'NONE', ( #159 ), #1054, .F. ) ;
#1525 = DIRECTION ( 'NONE',  ( -1.000000000000000000, 6.834509128875590854E-15, 1.224646799147351975E-16 ) ) ;
#1526 = CARTESIAN_POINT ( 'NONE',  ( -0.8444827236338929843, 0.6750000000000170308, 1.149999999999999911 ) ) ;
#1527 = LINE ( 'NONE', #1065, #718 ) ;
#1528 = DIRECTION ( 'NONE',  ( 1.000000000000000000, 0.000000000000000000, -1.224646799147351975E-16 ) ) ;
#1529 = FACE_OUTER_BOUND ( 'NONE', #733, .T. ) ;
#1530 = DIRECTION ( 'NONE',  ( -0.08715574274767619312, -0.9961946980917438799, 1.067350013832511832E-17 ) ) ;
#1531 = DIRECTION ( 'NONE',  ( -0.08715574274765218454, 0.9961946980917459893, 0.000000000000000000 ) ) ;
#1532 = VERTEX_POINT ( 'NONE', #2778 ) ;
#1533 = ORIENTED_EDGE ( 'NONE', *, *, #689, .F. ) ;
#1534 = ORIENTED_EDGE ( 'NONE', *, *, #2339, .F. ) ;
#1535 = LINE ( 'NONE', #2407, #2338 ) ;
#1536 =( NAMED_UNIT ( * ) SI_UNIT ( $, .STERADIAN. ) SOLID_ANGLE_UNIT ( ) );
#1537 = DIRECTION ( 'NONE',  ( -1.224646799147351975E-16, 0.000000000000000000, -1.000000000000000000 ) ) ;
#1538 = ORIENTED_EDGE ( 'NONE', *, *, #1032, .F. ) ;
#1539 = AXIS2_PLACEMENT_3D ( 'NONE', #83, #26, #1812 ) ;
#1540 = ADVANCED_FACE ( 'NONE', ( #1692 ), #1078, .F. ) ;
#1541 = CARTESIAN_POINT ( 'NONE',  ( 1.254141208976950139, 0.2500000000000000000, -0.7500000000000000000 ) ) ;
#1542 = STYLED_ITEM ( 'NONE', ( #1493 ), #1897 ) ;
#1543 = CARTESIAN_POINT ( 'NONE',  ( -0.6898070336945760772, 0.6750000000000160316, -0.7500000000000000000 ) ) ;
#1544 = VECTOR ( 'NONE', #428, 1000.000000000000000 ) ;
#1545 = VECTOR ( 'NONE', #116, 1000.000000000000000 ) ;
#1546 = FILL_AREA_STYLE_COLOUR ( '', #2232 ) ;
#1547 = LINE ( 'NONE', #2198, #1774 ) ;
#1548 = ORIENTED_EDGE ( 'NONE', *, *, #1734, .T. ) ;
#1549 = ORIENTED_EDGE ( 'NONE', *, *, #1668, .F. ) ;
#1550 = ORIENTED_EDGE ( 'NONE', *, *, #684, .T. ) ;
#1551 = CARTESIAN_POINT ( 'NONE',  ( -1.079118999999999939, 0.4403637236339115191, 0.7750000000000000222 ) ) ;
#1552 = VECTOR ( 'NONE', #980, 1000.000000000000000 ) ;
#1553 = LINE ( 'NONE', #1340, #2101 ) ;
#1554 = AXIS2_PLACEMENT_3D ( 'NONE', #2442, #1738, #481 ) ;
#1555 = LINE ( 'NONE', #250, #2097 ) ;
#1556 = EDGE_CURVE ( 'NONE', #479, #2625, #2831, .T. ) ;
#1557 = DIRECTION ( 'NONE',  ( 1.224646799147351975E-16, 0.000000000000000000, 1.000000000000000000 ) ) ;
#1558 = DIRECTION ( 'NONE',  ( -6.834509128875590854E-15, -1.000000000000000000, 7.888609052210119806E-31 ) ) ;
#1559 = LINE ( 'NONE', #2467, #1051 ) ;
#1560 = FACE_OUTER_BOUND ( 'NONE', #839, .T. ) ;
#1561 = VERTEX_POINT ( 'NONE', #1107 ) ;
#1562 = ORIENTED_EDGE ( 'NONE', *, *, #1682, .F. ) ;
#1563 = VERTEX_POINT ( 'NONE', #1702 ) ;
#1564 = FACE_OUTER_BOUND ( 'NONE', #1893, .T. ) ;
#1565 = PRESENTATION_STYLE_ASSIGNMENT (( #652 ) ) ;
#1566 = CARTESIAN_POINT ( 'NONE',  ( -1.133755276366106068, 0.2500000000000164868, 1.149999999999999911 ) ) ;
#1567 = ORIENTED_EDGE ( 'NONE', *, *, #793, .F. ) ;
#1568 = DIRECTION ( 'NONE',  ( -1.224646799147345812E-16, 0.000000000000000000, -1.000000000000000000 ) ) ;
#1569 = DIRECTION ( 'NONE',  ( 1.366901825775120222E-14, 1.000000000000000000, -1.625846878063100298E-30 ) ) ;
#1570 = CYLINDRICAL_SURFACE ( 'NONE', #1198, 0.2346362763661054285 ) ;
#1571 = LINE ( 'NONE', #2220, #1594 ) ;
#1572 = CARTESIAN_POINT ( 'NONE',  ( 0.9101929663054214581, -1.528725063204561252E-14, 0.2000000000000000111 ) ) ;
#1573 = ORIENTED_EDGE ( 'NONE', *, *, #1600, .F. ) ;
#1574 = ORIENTED_EDGE ( 'NONE', *, *, #1627, .F. ) ;
#1575 = EDGE_CURVE ( 'NONE', #938, #2288, #2592, .T. ) ;
#1576 = EDGE_CURVE ( 'NONE', #2301, #1561, #2206, .T. ) ;
#1577 = EDGE_LOOP ( 'NONE', ( #1187, #2079, #735, #303 ) ) ;
#1578 = CARTESIAN_POINT ( 'NONE',  ( -0.8444827236338929843, 0.6750000000000170308, -0.1749999999999999889 ) ) ;
#1579 = ADVANCED_FACE ( 'NONE', ( #628 ), #1301, .T. ) ;
#1580 = FACE_OUTER_BOUND ( 'NONE', #2669, .T. ) ;
#1581 = VERTEX_POINT ( 'NONE', #1498 ) ;
#1582 = PLANE ( 'NONE',  #1767 ) ;
#1583 = DIRECTION ( 'NONE',  ( -1.224646799147351975E-16, 0.000000000000000000, -1.000000000000000000 ) ) ;
#1584 = LINE ( 'NONE', #1784, #2345 ) ;
#1585 = AXIS2_PLACEMENT_3D ( 'NONE', #156, #2731, #1191 ) ;
#1586 = AXIS2_PLACEMENT_3D ( 'NONE', #1064, #11, #2797 ) ;
#1587 = VECTOR ( 'NONE', #2314, 1000.000000000000000 ) ;
#1588 = CARTESIAN_POINT ( 'NONE',  ( -0.8444827236338939835, 0.4950000000000170375, 0.7750000000000000222 ) ) ;
#1589 = DIRECTION ( 'NONE',  ( 0.9961946980917466554, 0.08715574274764525953, -1.219986648345621165E-16 ) ) ;
#1590 = ORIENTED_EDGE ( 'NONE', *, *, #2176, .F. ) ;
#1591 = ORIENTED_EDGE ( 'NONE', *, *, #1997, .F. ) ;
#1592 = CIRCLE ( 'NONE', #1956, 0.2346362763661054285 ) ;
#1593 = VERTEX_POINT ( 'NONE', #2179 ) ;
#1594 = VECTOR ( 'NONE', #485, 1000.000000000000000 ) ;
#1595 = AXIS2_PLACEMENT_3D ( 'NONE', #376, #1418, #2128 ) ;
#1596 = EDGE_CURVE ( 'NONE', #585, #1449, #2801, .T. ) ;
#1597 = CARTESIAN_POINT ( 'NONE',  ( -0.1898070336945729963, 1.100000000000012079, -1.137499999999999956 ) ) ;
#1598 = VERTEX_POINT ( 'NONE', #438 ) ;
#1599 = LINE ( 'NONE', #1368, #2000 ) ;
#1600 = EDGE_CURVE ( 'NONE', #2483, #2515, #681, .T. ) ;
#1601 = DIRECTION ( 'NONE',  ( -6.834509128875590854E-15, -1.000000000000000000, 7.888609052210119806E-31 ) ) ;
#1602 = DIRECTION ( 'NONE',  ( -1.000000000000000000, 6.945399386795264921E-15, 0.000000000000000000 ) ) ;
#1603 = AXIS2_PLACEMENT_3D ( 'NONE', #2726, #766, #1408 ) ;
#1604 = LINE ( 'NONE', #1174, #595 ) ;
#1605 = CARTESIAN_POINT ( 'NONE',  ( -0.6740590742599109619, 0.4950000000000160383, -1.125000000000000000 ) ) ;
#1606 = ORIENTED_EDGE ( 'NONE', *, *, #684, .F. ) ;
#1607 = ORIENTED_EDGE ( 'NONE', *, *, #2476, .T. ) ;
#1608 =( LENGTH_UNIT ( ) NAMED_UNIT ( * ) SI_UNIT ( .MILLI., .METRE. ) );
#1609 = DIRECTION ( 'NONE',  ( -0.08715574274766302310, -0.9961946980917452121, 1.067350013832352211E-17 ) ) ;
#1610 = ORIENTED_EDGE ( 'NONE', *, *, #1503, .T. ) ;
#1611 = EDGE_CURVE ( 'NONE', #430, #2425, #211, .T. ) ;
#1612 = DIRECTION ( 'NONE',  ( -1.000000000000000000, 1.366901825775120222E-14, 1.224646799147351975E-16 ) ) ;
#1613 = ORIENTED_EDGE ( 'NONE', *, *, #2751, .T. ) ;
#1614 = ADVANCED_FACE ( 'NONE', ( #2583 ), #199, .F. ) ;
#1615 = ADVANCED_FACE ( 'NONE', ( #620, #411 ), #1973, .T. ) ;
#1616 = DIRECTION ( 'NONE',  ( 1.224646799147359863E-16, 0.000000000000000000, 1.000000000000000000 ) ) ;
#1617 = LINE ( 'NONE', #898, #1689 ) ;
#1618 = CARTESIAN_POINT ( 'NONE',  ( -0.6526243516960540392, 1.100000000000014078, -1.450317318001479894 ) ) ;
#1619 = LINE ( 'NONE', #486, #1822 ) ;
#1620 = ORIENTED_EDGE ( 'NONE', *, *, #7, .T. ) ;
#1621 = ORIENTED_EDGE ( 'NONE', *, *, #1687, .F. ) ;
#1622 = PLANE ( 'NONE',  #1329 ) ;
#1623 = EDGE_LOOP ( 'NONE', ( #2624, #1086, #1131, #1419 ) ) ;
#1624 = ORIENTED_EDGE ( 'NONE', *, *, #94, .F. ) ;
#1625 = DIRECTION ( 'NONE',  ( 5.883335303827079825E-45, 8.488231705215440247E-31, 1.000000000000000000 ) ) ;
#1626 = PLANE ( 'NONE',  #542 ) ;
#1627 = EDGE_CURVE ( 'NONE', #2623, #929, #1484, .T. ) ;
#1628 = CARTESIAN_POINT ( 'NONE',  ( 0.9648686562447440496, 0.6750000000000000444, -0.7500000000000000000 ) ) ;
#1629 = CARTESIAN_POINT ( 'NONE',  ( 1.019504932610848069, 0.4403637236338985295, 1.149999999999999911 ) ) ;
#1630 = VERTEX_POINT ( 'NONE', #1742 ) ;
#1631 = EDGE_CURVE ( 'NONE', #351, #1598, #1766, .T. ) ;
#1632 = ORIENTED_EDGE ( 'NONE', *, *, #161, .F. ) ;
#1633 = AXIS2_PLACEMENT_3D ( 'NONE', #966, #54, #1602 ) ;
#1634 = EDGE_LOOP ( 'NONE', ( #216, #2103, #490, #1405, #1239, #122, #2488, #1804, #662, #70, #306, #2656 ) ) ;
#1635 = CARTESIAN_POINT ( 'NONE',  ( -0.6740590742599109619, 0.4950000000000160383, -0.1749999999999999889 ) ) ;
#1636 = AXIS2_PLACEMENT_3D ( 'NONE', #742, #1612, #2458 ) ;
#1637 = DIRECTION ( 'NONE',  ( 5.883335303827079825E-45, 8.488231705215440247E-31, 1.000000000000000000 ) ) ;
#1638 = CIRCLE ( 'NONE', #400, 0.1499999999999999667 ) ;
#1639 = ORIENTED_EDGE ( 'NONE', *, *, #2477, .T. ) ;
#1640 = VECTOR ( 'NONE', #1500, 1000.000000000000114 ) ;
#1641 = VECTOR ( 'NONE', #2596, 1000.000000000000000 ) ;
#1642 = ORIENTED_EDGE ( 'NONE', *, *, #1032, .T. ) ;
#1643 = DIRECTION ( 'NONE',  ( 7.888609052210119806E-31, -1.000000000000000000, -4.812506762107419705E-32 ) ) ;
#1644 = PLANE ( 'NONE',  #901 ) ;
#1645 = FACE_OUTER_BOUND ( 'NONE', #2312, .T. ) ;
#1646 = EDGE_CURVE ( 'NONE', #1433, #368, #188, .T. ) ;
#1647 = CIRCLE ( 'NONE', #2699, 0.2346362763661054285 ) ;
#1648 = LINE ( 'NONE', #1879, #1958 ) ;
#1649 = CARTESIAN_POINT ( 'NONE',  ( -0.1898070336945729963, 1.050000000000011813, -1.137499999999999956 ) ) ;
#1650 = ORIENTED_EDGE ( 'NONE', *, *, #1914, .T. ) ;
#1651 = ORIENTED_EDGE ( 'NONE', *, *, #2320, .T. ) ;
#1652 = EDGE_CURVE ( 'NONE', #1376, #150, #1711, .T. ) ;
#1653 = ORIENTED_EDGE ( 'NONE', *, *, #1979, .F. ) ;
#1654 = DIRECTION ( 'NONE',  ( 7.228014483236699908E-15, 1.000000000000000000, -7.888609052210119806E-31 ) ) ;
#1655 = DIRECTION ( 'NONE',  ( 1.000000000000000000, -6.945399386795264921E-15, 0.000000000000000000 ) ) ;
#1656 = ORIENTED_EDGE ( 'NONE', *, *, #2145, .T. ) ;
#1657 = CARTESIAN_POINT ( 'NONE',  ( 1.419504932610842207, -7.041719095096990480E-17, -0.7500000000000000000 ) ) ;
#1658 = FACE_OUTER_BOUND ( 'NONE', #582, .T. ) ;
#1659 = LINE ( 'NONE', #802, #2740 ) ;
#1660 = PLANE ( 'NONE',  #1595 ) ;
#1661 = EDGE_LOOP ( 'NONE', ( #1538, #398 ) ) ;
#1662 = ORIENTED_EDGE ( 'NONE', *, *, #1018, .T. ) ;
#1663 = ORIENTED_EDGE ( 'NONE', *, *, #246, .F. ) ;
#1664 = DIRECTION ( 'NONE',  ( -1.005685772514595456E-15, -0.08715574274765836016, -0.9961946980917455452 ) ) ;
#1665 = LINE ( 'NONE', #989, #460 ) ;
#1666 = ORIENTED_EDGE ( 'NONE', *, *, #1031, .F. ) ;
#1667 = ADVANCED_FACE ( 'NONE', ( #670 ), #2419, .F. ) ;
#1668 = EDGE_CURVE ( 'NONE', #2694, #553, #457, .T. ) ;
#1669 = UNCERTAINTY_MEASURE_WITH_UNIT (LENGTH_MEASURE( 1.000000000000000082E-05 ), #641, 'distance_accuracy_value', 'NONE');
#1670 = DIRECTION ( 'NONE',  ( -5.907521358157999659E-45, -8.505661127838810674E-31, -1.000000000000000000 ) ) ;
#1671 = DIRECTION ( 'NONE',  ( 0.08715574274765885976, 0.9961946980917455452, -1.067350013832299363E-17 ) ) ;
#1672 = CARTESIAN_POINT ( 'NONE',  ( -0.8444827236338948717, 0.4403637236339115191, 0.2000000000000000111 ) ) ;
#1673 = LINE ( 'NONE', #1029, #2641 ) ;
#1674 = ORIENTED_EDGE ( 'NONE', *, *, #1197, .T. ) ;
#1675 = ORIENTED_EDGE ( 'NONE', *, *, #2648, .F. ) ;
#1676 = LINE ( 'NONE', #1253, #359 ) ;
#1677 = DIRECTION ( 'NONE',  ( -1.224646799147351975E-16, 0.000000000000000000, -1.000000000000000000 ) ) ;
#1678 = VERTEX_POINT ( 'NONE', #1772 ) ;
#1679 = VECTOR ( 'NONE', #758, 1000.000000000000000 ) ;
#1680 = VECTOR ( 'NONE', #896, 1000.000000000000000 ) ;
#1681 = VECTOR ( 'NONE', #2431, 1000.000000000000114 ) ;
#1682 = EDGE_CURVE ( 'NONE', #151, #1563, #963, .T. ) ;
#1683 = CIRCLE ( 'NONE', #1009, 0.05463627636610561555 ) ;
#1684 = CARTESIAN_POINT ( 'NONE',  ( 0.9648686562447420512, 0.4403637236338990291, 1.149999999999999911 ) ) ;
#1685 = AXIS2_PLACEMENT_3D ( 'NONE', #1123, #730, #506 ) ;
#1686 = VECTOR ( 'NONE', #1111, 1000.000000000000000 ) ;
#1687 = EDGE_CURVE ( 'NONE', #753, #2795, #84, .T. ) ;
#1688 = PLANE ( 'NONE',  #721 ) ;
#1689 = VECTOR ( 'NONE', #2492, 1000.000000000000114 ) ;
#1690 = PLANE ( 'NONE',  #364 ) ;
#1691 = CARTESIAN_POINT ( 'NONE',  ( -1.299119000000000135, 1.851004289445749798E-14, -0.1749999999999999889 ) ) ;
#1692 = FACE_OUTER_BOUND ( 'NONE', #1634, .T. ) ;
#1693 = ORIENTED_EDGE ( 'NONE', *, *, #2276, .T. ) ;
#1694 = ORIENTED_EDGE ( 'NONE', *, *, #2078, .F. ) ;
#1695 = DIRECTION ( 'NONE',  ( -1.224646799147351975E-16, 0.000000000000000000, -1.000000000000000000 ) ) ;
#1696 = ORIENTED_EDGE ( 'NONE', *, *, #1790, .F. ) ;
#1697 = LINE ( 'NONE', #1307, #409 ) ;
#1698 = EDGE_CURVE ( 'NONE', #2217, #767, #1617, .T. ) ;
#1699 = FACE_OUTER_BOUND ( 'NONE', #2160, .T. ) ;
#1700 = ADVANCED_FACE ( 'NONE', ( #1832 ), #471, .F. ) ;
#1701 = LINE ( 'NONE', #2165, #1950 ) ;
#1702 = CARTESIAN_POINT ( 'NONE',  ( 0.9648686562447440496, 0.6750000000000000444, -0.7500000000000000000 ) ) ;
#1703 = ORIENTED_EDGE ( 'NONE', *, *, #1710, .F. ) ;
#1704 = FACE_OUTER_BOUND ( 'NONE', #1266, .T. ) ;
#1705 = ORIENTED_EDGE ( 'NONE', *, *, #880, .F. ) ;
#1706 = DIRECTION ( 'NONE',  ( 1.000000000000000000, -6.931167183162754676E-15, 0.000000000000000000 ) ) ;
#1707 = DIRECTION ( 'NONE',  ( -1.000000000000000000, 6.834509128875590854E-15, 0.000000000000000000 ) ) ;
#1708 = DIRECTION ( 'NONE',  ( 0.000000000000000000, 1.071427117486923930E-17, -1.000000000000000000 ) ) ;
#1709 = DIRECTION ( 'NONE',  ( 7.228014483236699908E-15, 1.000000000000000000, -7.888609052210119806E-31 ) ) ;
#1710 = EDGE_CURVE ( 'NONE', #2087, #571, #1343, .T. ) ;
#1711 = LINE ( 'NONE', #1754, #1322 ) ;
#1712 = VERTEX_POINT ( 'NONE', #2022 ) ;
#1713 = DIRECTION ( 'NONE',  ( -1.224646799147351975E-16, 0.000000000000000000, -1.000000000000000000 ) ) ;
#1714 = CARTESIAN_POINT ( 'NONE',  ( -0.6395010521671720127, 0.1000000000000146050, 1.512499999999999956 ) ) ;
#1715 = ADVANCED_FACE ( 'NONE', ( #1396 ), #1798, .F. ) ;
#1716 = ORIENTED_EDGE ( 'NONE', *, *, #2770, .T. ) ;
#1717 = CARTESIAN_POINT ( 'NONE',  ( 1.019504932610848069, 0.4403637236338985295, 0.7750000000000000222 ) ) ;
#1718 = VECTOR ( 'NONE', #79, 1000.000000000000114 ) ;
#1719 = VECTOR ( 'NONE', #437, 1000.000000000000000 ) ;
#1720 = FACE_OUTER_BOUND ( 'NONE', #539, .T. ) ;
#1721 = DIRECTION ( 'NONE',  ( -1.224646799147351975E-16, 0.000000000000000000, -1.000000000000000000 ) ) ;
#1722 = AXIS2_PLACEMENT_3D ( 'NONE', #2485, #2265, #1406 ) ;
#1723 = EDGE_LOOP ( 'NONE', ( #30, #2456, #2122, #1185 ) ) ;
#1724 = VECTOR ( 'NONE', #520, 1000.000000000000000 ) ;
#1725 = AXIS2_PLACEMENT_3D ( 'NONE', #1209, #1881, #777 ) ;
#1726 = DIRECTION ( 'NONE',  ( -1.224646799147351975E-16, 0.000000000000000000, -1.000000000000000000 ) ) ;
#1727 = CARTESIAN_POINT ( 'NONE',  ( -1.079118999999999939, 0.4403637236339115191, 1.149999999999999911 ) ) ;
#1728 = SURFACE_STYLE_USAGE ( .BOTH. , #1108 ) ;
#1729 = EDGE_CURVE ( 'NONE', #1810, #488, #2273, .T. ) ;
#1730 = CARTESIAN_POINT ( 'NONE',  ( 0.8101929663054270314, 0.6750000000000000444, 1.149999999999999911 ) ) ;
#1731 = PLANE ( 'NONE',  #448 ) ;
#1732 = ORIENTED_EDGE ( 'NONE', *, *, #1318, .T. ) ;
#1733 = AXIS2_PLACEMENT_3D ( 'NONE', #2796, #1522, #2393 ) ;
#1734 = EDGE_CURVE ( 'NONE', #1292, #1712, #2434, .T. ) ;
#1735 = VECTOR ( 'NONE', #2660, 1000.000000000000000 ) ;
#1736 = FACE_OUTER_BOUND ( 'NONE', #1017, .T. ) ;
#1737 = AXIS2_PLACEMENT_3D ( 'NONE', #712, #700, #2247 ) ;
#1738 = DIRECTION ( 'NONE',  ( 0.000000000000000000, 0.000000000000000000, 1.000000000000000000 ) ) ;
#1739 = CARTESIAN_POINT ( 'NONE',  ( 0.06019296630542150112, 0.1000000000000100114, 0.01250000000000340075 ) ) ;
#1740 = DIRECTION ( 'NONE',  ( 5.883335303827079825E-45, 8.488231705215429737E-31, 1.000000000000000000 ) ) ;
#1741 = DIRECTION ( 'NONE',  ( 1.000000000000000000, -6.834509128875590854E-15, 0.000000000000000000 ) ) ;
#1742 = CARTESIAN_POINT ( 'NONE',  ( 1.233691310034715771, 0.01625658550409600153, -0.7500000000000000000 ) ) ;
#1743 =( NAMED_UNIT ( * ) PLANE_ANGLE_UNIT ( ) SI_UNIT ( $, .RADIAN. ) );
#1744 = CARTESIAN_POINT ( 'NONE',  ( 0.9101929663054247888, 0.4949999999999996625, 0.2000000000000000111 ) ) ;
#1745 = LINE ( 'NONE', #634, #1412 ) ;
#1746 = EDGE_LOOP ( 'NONE', ( #1653, #232, #580, #1666 ) ) ;
#1747 = EDGE_LOOP ( 'NONE', ( #1215, #1030, #2695, #1550 ) ) ;
#1748 = EDGE_CURVE ( 'NONE', #2241, #1019, #1133, .T. ) ;
#1749 = DIRECTION ( 'NONE',  ( -1.000000000000000000, 1.366901825775120222E-14, 1.224646799147351975E-16 ) ) ;
#1750 =( NAMED_UNIT ( * ) PLANE_ANGLE_UNIT ( ) SI_UNIT ( $, .RADIAN. ) );
#1751 = CARTESIAN_POINT ( 'NONE',  ( 0.8101929663054270314, 0.6750000000000000444, 0.2000000000000000111 ) ) ;
#1752 = ORIENTED_EDGE ( 'NONE', *, *, #2259, .T. ) ;
#1753 = CARTESIAN_POINT ( 'NONE',  ( 1.019504932610848069, 0.4403637236338985295, -1.125000000000000000 ) ) ;
#1754 = CARTESIAN_POINT ( 'NONE',  ( 0.8101929663054260322, 1.100000000000000089, -1.450317318001479894 ) ) ;
#1755 = FILL_AREA_STYLE_COLOUR ( '', #2159 ) ;
#1756 = CARTESIAN_POINT ( 'NONE',  ( -0.6898070336945760772, 0.6750000000000160316, -0.1749999999999999889 ) ) ;
#1757 = DIRECTION ( 'NONE',  ( -1.224646799147351975E-16, 0.000000000000000000, -1.000000000000000000 ) ) ;
#1758 = ORIENTED_EDGE ( 'NONE', *, *, #1503, .F. ) ;
#1759 = VERTEX_POINT ( 'NONE', #315 ) ;
#1760 = DIRECTION ( 'NONE',  ( 0.000000000000000000, 8.009104383746660870E-15, -1.000000000000000000 ) ) ;
#1761 = EDGE_CURVE ( 'NONE', #2640, #2802, #824, .T. ) ;
#1762 = SURFACE_STYLE_FILL_AREA ( #1326 ) ;
#1763 = PRESENTATION_STYLE_ASSIGNMENT (( #973 ) ) ;
#1764 = DIRECTION ( 'NONE',  ( 3.017425608596270344E-15, 1.000000000000000000, -3.214029937021935333E-31 ) ) ;
#1765 = ORIENTED_EDGE ( 'NONE', *, *, #1095, .T. ) ;
#1766 = CIRCLE ( 'NONE', #2144, 0.05463627636610561555 ) ;
#1767 = AXIS2_PLACEMENT_3D ( 'NONE', #503, #1132, #1370 ) ;
#1768 = ADVANCED_FACE ( 'NONE', ( #946 ), #44, .T. ) ;
#1769 = CARTESIAN_POINT ( 'NONE',  ( 1.199504932610848007, 0.4403637236338955319, -0.7500000000000000000 ) ) ;
#1770 = CIRCLE ( 'NONE', #399, 0.2346362763661059836 ) ;
#1771 =( GEOMETRIC_REPRESENTATION_CONTEXT ( 3 ) GLOBAL_UNCERTAINTY_ASSIGNED_CONTEXT ( ( #723 ) ) GLOBAL_UNIT_ASSIGNED_CONTEXT ( ( #2395, #1509, #2430 ) ) REPRESENTATION_CONTEXT ( 'NONE', 'WORKASPACE' ) );
#1772 = CARTESIAN_POINT ( 'NONE',  ( -0.8444827236338939835, 0.4950000000000170375, 0.2000000000000000111 ) ) ;
#1773 = AXIS2_PLACEMENT_3D ( 'NONE', #2803, #401, #2181 ) ;
#1774 = VECTOR ( 'NONE', #1757, 1000.000000000000000 ) ;
#1775 = DIRECTION ( 'NONE',  ( -1.224646799147351975E-16, 0.000000000000000000, -1.000000000000000000 ) ) ;
#1776 = FACE_OUTER_BOUND ( 'NONE', #2042, .T. ) ;
#1777 = VECTOR ( 'NONE', #2387, 1000.000000000000000 ) ;
#1778 = ORIENTED_EDGE ( 'NONE', *, *, #2476, .F. ) ;
#1779 = CARTESIAN_POINT ( 'NONE',  ( -1.314807033694578076, 0.1793150456565325013, 1.149999999999999911 ) ) ;
#1780 = VECTOR ( 'NONE', #2172, 1000.000000000000000 ) ;
#1781 = CARTESIAN_POINT ( 'NONE',  ( -0.8991190000000000015, 0.4403637236339115191, 0.7750000000000000222 ) ) ;
#1782 = LINE ( 'NONE', #1147, #1179 ) ;
#1783 = DIRECTION ( 'NONE',  ( -0.9961946980917455452, 0.08715574274765884588, 1.219986648345618947E-16 ) ) ;
#1784 = CARTESIAN_POINT ( 'NONE',  ( 0.9648686562447420512, 0.4949999999999999956, -0.7500000000000000000 ) ) ;
#1785 = ADVANCED_FACE ( 'NONE', ( #1159 ), #916, .F. ) ;
#1786 = EDGE_CURVE ( 'NONE', #2061, #2327, #2664, .T. ) ;
#1787 = CYLINDRICAL_SURFACE ( 'NONE', #2413, 0.2346362763661054285 ) ;
#1788 = CARTESIAN_POINT ( 'NONE',  ( -0.8991190000000000015, 0.2500000000000164868, -0.1749999999999999889 ) ) ;
#1789 = ORIENTED_EDGE ( 'NONE', *, *, #1284, .F. ) ;
#1790 = EDGE_CURVE ( 'NONE', #347, #318, #504, .T. ) ;
#1791 = ORIENTED_EDGE ( 'NONE', *, *, #295, .F. ) ;
#1792 = ORIENTED_EDGE ( 'NONE', *, *, #2379, .T. ) ;
#1793 = DIRECTION ( 'NONE',  ( 1.224646799147351975E-16, 0.000000000000000000, 1.000000000000000000 ) ) ;
#1794 = EDGE_LOOP ( 'NONE', ( #445, #31, #990, #514 ) ) ;
#1795 = ORIENTED_EDGE ( 'NONE', *, *, #1295, .F. ) ;
#1796 = CARTESIAN_POINT ( 'NONE',  ( 0.8101929663054270314, 0.6750000000000000444, 0.2000000000000000111 ) ) ;
#1797 = DIRECTION ( 'NONE',  ( 0.9961946980917466554, 0.08715574274764525953, -1.219986648345621165E-16 ) ) ;
#1798 = PLANE ( 'NONE',  #1539 ) ;
#1799 = CARTESIAN_POINT ( 'NONE',  ( 1.019504932610844072, 0.2500000000000035527, -1.125000000000000000 ) ) ;
#1800 = EDGE_CURVE ( 'NONE', #1867, #347, #2446, .T. ) ;
#1801 = DIRECTION ( 'NONE',  ( -5.695424274063019989E-16, 1.000000000000000000, 1.178738986912482035E-31 ) ) ;
#1802 = CARTESIAN_POINT ( 'NONE',  ( -1.314807033694578076, 0.1793150456565325013, 0.2000000000000000111 ) ) ;
#1803 = EDGE_LOOP ( 'NONE', ( #1927, #2106, #2210, #1425 ) ) ;
#1804 = ORIENTED_EDGE ( 'NONE', *, *, #1144, .F. ) ;
#1805 = ORIENTED_EDGE ( 'NONE', *, *, #1908, .T. ) ;
#1806 = PLANE ( 'NONE',  #2427 ) ;
#1807 = ORIENTED_EDGE ( 'NONE', *, *, #1964, .F. ) ;
#1808 = ORIENTED_EDGE ( 'NONE', *, *, #1845, .T. ) ;
#1809 = LINE ( 'NONE', #1796, #1681 ) ;
#1810 = VERTEX_POINT ( 'NONE', #1355 ) ;
#1811 = LINE ( 'NONE', #1382, #2457 ) ;
#1812 = DIRECTION ( 'NONE',  ( -1.224646799147351975E-16, 0.000000000000000000, -1.000000000000000000 ) ) ;
#1813 = AXIS2_PLACEMENT_3D ( 'NONE', #1120, #1601, #685 ) ;
#1814 = MECHANICAL_DESIGN_GEOMETRIC_PRESENTATION_REPRESENTATION (  '', ( #1542 ), #257 ) ;
#1815 = VECTOR ( 'NONE', #665, 1000.000000000000114 ) ;
#1816 = LINE ( 'NONE', #934, #2690 ) ;
#1817 = DIRECTION ( 'NONE',  ( -1.224646799147351975E-16, 0.000000000000000000, -1.000000000000000000 ) ) ;
#1818 = ORIENTED_EDGE ( 'NONE', *, *, #2593, .T. ) ;
#1819 = ORIENTED_EDGE ( 'NONE', *, *, #456, .F. ) ;
#1820 = CIRCLE ( 'NONE', #1869, 0.2346362763661054285 ) ;
#1821 = ADVANCED_FACE ( 'NONE', ( #2047 ), #728, .F. ) ;
#1822 = VECTOR ( 'NONE', #507, 1000.000000000000000 ) ;
#1823 = AXIS2_PLACEMENT_3D ( 'NONE', #2557, #2098, #132 ) ;
#1824 = CARTESIAN_POINT ( 'NONE',  ( -0.6898070336945760772, 0.6750000000000160316, -0.7500000000000000000 ) ) ;
#1825 = CARTESIAN_POINT ( 'NONE',  ( -1.113305377423875919, 0.01625658550411205119, 0.2000000000000000111 ) ) ;
#1826 = EDGE_CURVE ( 'NONE', #1036, #2701, #2257, .T. ) ;
#1827 = ADVANCED_FACE ( 'NONE', ( #1645 ), #1690, .F. ) ;
#1828 = VERTEX_POINT ( 'NONE', #1847 ) ;
#1829 = FACE_OUTER_BOUND ( 'NONE', #1057, .T. ) ;
#1830 = VECTOR ( 'NONE', #695, 1000.000000000000114 ) ;
#1831 = LINE ( 'NONE', #1769, #489 ) ;
#1832 = FACE_OUTER_BOUND ( 'NONE', #694, .T. ) ;
#1833 = CARTESIAN_POINT ( 'NONE',  ( 1.019504932610844072, 0.2500000000000035527, 1.149999999999999911 ) ) ;
#1834 = DIRECTION ( 'NONE',  ( -5.883335303827079825E-45, -8.488231705215440247E-31, -1.000000000000000000 ) ) ;
#1835 = ORIENTED_EDGE ( 'NONE', *, *, #1348, .T. ) ;
#1836 = VERTEX_POINT ( 'NONE', #2308 ) ;
#1837 = ORIENTED_EDGE ( 'NONE', *, *, #8, .F. ) ;
#1838 = MANIFOLD_SOLID_BREP ( 'NONE', #960 ) ;
#1839 = CARTESIAN_POINT ( 'NONE',  ( -0.8444827236338948717, 0.4403637236339115191, 0.7750000000000000222 ) ) ;
#1840 = ORIENTED_EDGE ( 'NONE', *, *, #722, .F. ) ;
#1841 = EDGE_CURVE ( 'NONE', #2739, #667, #2719, .T. ) ;
#1842 = LINE ( 'NONE', #2715, #2290 ) ;
#1843 = PRODUCT_DEFINITION_SHAPE ( 'NONE', 'NONE',  #2629 ) ;
#1844 = ORIENTED_EDGE ( 'NONE', *, *, #2283, .F. ) ;
#1845 = EDGE_CURVE ( 'NONE', #2404, #2298, #440, .T. ) ;
#1846 = DIRECTION ( 'NONE',  ( -0.08715574274765218454, 0.9961946980917459893, 0.000000000000000000 ) ) ;
#1847 = CARTESIAN_POINT ( 'NONE',  ( 0.9648686562447440496, 0.6750000000000000444, 1.149999999999999911 ) ) ;
#1848 = MANIFOLD_SOLID_BREP ( 'NONE', #1008 ) ;
#1849 = CARTESIAN_POINT ( 'NONE',  ( -0.3398070336945735459, 1.050000000000011813, -1.137499999999999956 ) ) ;
#1850 = DIRECTION ( 'NONE',  ( -1.224646799147351975E-16, 0.000000000000000000, -1.000000000000000000 ) ) ;
#1851 = EDGE_LOOP ( 'NONE', ( #1620, #566 ) ) ;
#1852 = ORIENTED_EDGE ( 'NONE', *, *, #2093, .T. ) ;
#1853 = VERTEX_POINT ( 'NONE', #592 ) ;
#1854 = PLANE ( 'NONE',  #1722 ) ;
#1855 = LINE ( 'NONE', #2698, #145 ) ;
#1856 = ORIENTED_EDGE ( 'NONE', *, *, #2732, .T. ) ;
#1857 = CARTESIAN_POINT ( 'NONE',  ( -0.6898070336945760772, 0.6750000000000160316, 0.2000000000000000111 ) ) ;
#1858 = EDGE_CURVE ( 'NONE', #2301, #20, #2095, .T. ) ;
#1859 = CARTESIAN_POINT ( 'NONE',  ( -1.314807033694578076, 0.1793150456565325013, 0.7750000000000000222 ) ) ;
#1860 = EDGE_CURVE ( 'NONE', #1252, #164, #2230, .T. ) ;
#1861 = CARTESIAN_POINT ( 'NONE',  ( 1.249379343729295933, 0.1955716311606104929, 0.7750000000000000222 ) ) ;
#1862 = PLANE ( 'NONE',  #1725 ) ;
#1863 = ORIENTED_EDGE ( 'NONE', *, *, #212, .F. ) ;
#1864 = ORIENTED_EDGE ( 'NONE', *, *, #2320, .F. ) ;
#1865 = AXIS2_PLACEMENT_3D ( 'NONE', #1157, #38, #515 ) ;
#1866 = VECTOR ( 'NONE', #1921, 1000.000000000000000 ) ;
#1867 = VERTEX_POINT ( 'NONE', #1877 ) ;
#1868 = CYLINDRICAL_SURFACE ( 'NONE', #2603, 0.1499999999999999667 ) ;
#1869 = AXIS2_PLACEMENT_3D ( 'NONE', #532, #1989, #2051 ) ;
#1870 = CARTESIAN_POINT ( 'NONE',  ( -0.8444827236338948717, 0.4403637236339115191, -0.7500000000000000000 ) ) ;
#1871 = COLOUR_RGB ( '',0.7921568627450980005, 0.8196078431372548767, 0.9333333333333333481 ) ;
#1872 = ORIENTED_EDGE ( 'NONE', *, *, #586, .F. ) ;
#1873 = VECTOR ( 'NONE', #1891, 1000.000000000000000 ) ;
#1874 = CIRCLE ( 'NONE', #1320, 0.05463627636610561555 ) ;
#1875 = CARTESIAN_POINT ( 'NONE',  ( 1.019504932610844072, 0.2500000000000035527, -0.7500000000000000000 ) ) ;
#1876 = CARTESIAN_POINT ( 'NONE',  ( 0.8101929663054239228, 0.6750000000000000444, -1.487500000000000044 ) ) ;
#1877 = CARTESIAN_POINT ( 'NONE',  ( 1.199504932610844232, 0.2500000000000000000, -0.7500000000000000000 ) ) ;
#1878 = AXIS2_PLACEMENT_3D ( 'NONE', #1003, #1609, #976 ) ;
#1879 = CARTESIAN_POINT ( 'NONE',  ( 1.233691310034715771, 0.01625658550409600153, -0.7500000000000000000 ) ) ;
#1880 = EDGE_CURVE ( 'NONE', #2087, #2657, #788, .T. ) ;
#1881 = DIRECTION ( 'NONE',  ( -1.000000000000000000, 6.834509128875590854E-15, 0.000000000000000000 ) ) ;
#1882 = ADVANCED_FACE ( 'NONE', ( #577 ), #1441, .F. ) ;
#1883 = ORIENTED_EDGE ( 'NONE', *, *, #263, .T. ) ;
#1884 = AXIS2_PLACEMENT_3D ( 'NONE', #55, #2447, #505 ) ;
#1885 = ORIENTED_EDGE ( 'NONE', *, *, #2244, .T. ) ;
#1886 = DIRECTION ( 'NONE',  ( -1.000000000000000000, 7.228014483236698330E-15, 0.000000000000000000 ) ) ;
#1887 = DIRECTION ( 'NONE',  ( -0.9961946980917452121, 0.08715574274766302310, 0.000000000000000000 ) ) ;
#1888 = ORIENTED_EDGE ( 'NONE', *, *, #21, .T. ) ;
#1889 = CARTESIAN_POINT ( 'NONE',  ( -1.079118999999999939, 0.4403637236339115191, -1.125000000000000000 ) ) ;
#1890 = CARTESIAN_POINT ( 'NONE',  ( 1.249379343729295933, 0.1955716311606104929, 1.149999999999999911 ) ) ;
#1891 = DIRECTION ( 'NONE',  ( -1.224646799147351975E-16, 0.000000000000000000, -1.000000000000000000 ) ) ;
#1892 = CARTESIAN_POINT ( 'NONE',  ( -0.6898070336945760772, 0.6750000000000160316, -1.125000000000000000 ) ) ;
#1893 = EDGE_LOOP ( 'NONE', ( #526, #763, #2546, #1693 ) ) ;
#1894 = EDGE_CURVE ( 'NONE', #585, #1598, #1309, .T. ) ;
#1895 = EDGE_LOOP ( 'NONE', ( #1176, #1937, #108, #162 ) ) ;
#1896 = CARTESIAN_POINT ( 'NONE',  ( -0.6898070336945790748, 0.1000000000000150074, -1.437194018472590207 ) ) ;
#1897 = MANIFOLD_SOLID_BREP ( 'NONE', #678 ) ;
#1898 = EDGE_LOOP ( 'NONE', ( #2639, #558, #697, #1067 ) ) ;
#1899 = EDGE_CURVE ( 'NONE', #2354, #291, #1271, .T. ) ;
#1900 = DIRECTION ( 'NONE',  ( -1.224646799147351975E-16, 0.000000000000000000, -1.000000000000000000 ) ) ;
#1901 = DIRECTION ( 'NONE',  ( -1.224646799147351975E-16, 0.000000000000000000, -1.000000000000000000 ) ) ;
#1902 = SURFACE_STYLE_USAGE ( .BOTH. , #1248 ) ;
#1903 = LINE ( 'NONE', #1628, #1235 ) ;
#1904 = DIRECTION ( 'NONE',  ( -1.000000000000000000, 7.228014483236698330E-15, 0.000000000000000000 ) ) ;
#1905 = ORIENTED_EDGE ( 'NONE', *, *, #355, .F. ) ;
#1906 = ORIENTED_EDGE ( 'NONE', *, *, #337, .F. ) ;
#1907 = DIRECTION ( 'NONE',  ( -1.224646799147351975E-16, 0.000000000000000000, -1.000000000000000000 ) ) ;
#1908 = EDGE_CURVE ( 'NONE', #823, #853, #2605, .T. ) ;
#1909 = ORIENTED_EDGE ( 'NONE', *, *, #1109, .F. ) ;
#1910 = VECTOR ( 'NONE', #1288, 1000.000000000000000 ) ;
#1911 = VECTOR ( 'NONE', #2762, 1000.000000000000000 ) ;
#1912 = ORIENTED_EDGE ( 'NONE', *, *, #936, .T. ) ;
#1913 = VECTOR ( 'NONE', #962, 1000.000000000000114 ) ;
#1914 = EDGE_CURVE ( 'NONE', #404, #447, #617, .T. ) ;
#1915 = DIRECTION ( 'NONE',  ( 7.228014483236699908E-15, 1.000000000000000000, -7.888609052210119806E-31 ) ) ;
#1916 = EDGE_CURVE ( 'NONE', #2425, #291, #2152, .T. ) ;
#1917 = CLOSED_SHELL ( 'NONE', ( #2073, #284, #1579, #1045 ) ) ;
#1918 = VECTOR ( 'NONE', #2355, 1000.000000000000000 ) ;
#1919 = DIRECTION ( 'NONE',  ( -5.907521358157999659E-45, -8.505661127838810674E-31, -1.000000000000000000 ) ) ;
#1920 = LINE ( 'NONE', #654, #2188 ) ;
#1921 = DIRECTION ( 'NONE',  ( -5.695424274063019989E-16, 1.000000000000000000, 1.178738986912482035E-31 ) ) ;
#1922 = DIRECTION ( 'NONE',  ( 1.224646799147351975E-16, 0.000000000000000000, 1.000000000000000000 ) ) ;
#1923 = VECTOR ( 'NONE', #2588, 1000.000000000000000 ) ;
#1924 = DIRECTION ( 'NONE',  ( -0.9961946980917462113, -0.08715574274764970042, 1.219986648345620179E-16 ) ) ;
#1925 = DIRECTION ( 'NONE',  ( -1.000000000000000000, 6.945399386795264921E-15, 0.000000000000000000 ) ) ;
#1926 =( GEOMETRIC_REPRESENTATION_CONTEXT ( 3 ) GLOBAL_UNCERTAINTY_ASSIGNED_CONTEXT ( ( #467 ) ) GLOBAL_UNIT_ASSIGNED_CONTEXT ( ( #1035, #1743, #1332 ) ) REPRESENTATION_CONTEXT ( 'NONE', 'WORKASPACE' ) );
#1927 = ORIENTED_EDGE ( 'NONE', *, *, #2225, .T. ) ;
#1928 = CARTESIAN_POINT ( 'NONE',  ( 0.7944450068707570312, 0.4949999999999999956, 0.7750000000000000222 ) ) ;
#1929 = EDGE_CURVE ( 'NONE', #318, #1292, #1770, .T. ) ;
#1930 = PLANE ( 'NONE',  #2004 ) ;
#1931 = SURFACE_SIDE_STYLE ('',( #1073 ) ) ;
#1932 = LINE ( 'NONE', #13, #2599 ) ;
#1933 = DIRECTION ( 'NONE',  ( -1.000000000000000000, 6.834509128875590854E-15, 1.224646799147351975E-16 ) ) ;
#1934 = VERTEX_POINT ( 'NONE', #2190 ) ;
#1935 = FACE_OUTER_BOUND ( 'NONE', #255, .T. ) ;
#1936 = DIRECTION ( 'NONE',  ( -1.224646799147351975E-16, 0.000000000000000000, -1.000000000000000000 ) ) ;
#1937 = ORIENTED_EDGE ( 'NONE', *, *, #1914, .F. ) ;
#1938 = PLANE ( 'NONE',  #1733 ) ;
#1939 = DIRECTION ( 'NONE',  ( 1.224646799147351975E-16, 0.000000000000000000, 1.000000000000000000 ) ) ;
#1940 = EDGE_CURVE ( 'NONE', #2371, #2029, #1920, .T. ) ;
#1941 = DIRECTION ( 'NONE',  ( -0.08715574274765208740, 0.9961946980917459893, 1.067350013832227873E-17 ) ) ;
#1942 = CARTESIAN_POINT ( 'NONE',  ( 0.9101929663054261210, 0.6749999999999993783, 0.2000000000000000111 ) ) ;
#1943 = CARTESIAN_POINT ( 'NONE',  ( -0.6898070336945739678, 0.6750000000000150324, 1.512499999999999956 ) ) ;
#1944 = EDGE_CURVE ( 'NONE', #150, #2301, #1103, .T. ) ;
#1945 = LINE ( 'NONE', #1730, #1454 ) ;
#1946 = LINE ( 'NONE', #2817, #1686 ) ;
#1947 = VERTEX_POINT ( 'NONE', #434 ) ;
#1948 = ORIENTED_EDGE ( 'NONE', *, *, #149, .F. ) ;
#1949 = CARTESIAN_POINT ( 'NONE',  ( -0.6898070336945760772, 0.6750000000000160316, -0.7500000000000000000 ) ) ;
#1950 = VECTOR ( 'NONE', #2359, 1000.000000000000000 ) ;
#1951 = CIRCLE ( 'NONE', #957, 0.1499999999999999667 ) ;
#1952 = AXIS2_PLACEMENT_3D ( 'NONE', #106, #2725, #765 ) ;
#1953 = CARTESIAN_POINT ( 'NONE',  ( -0.6898070336945760772, 0.6750000000000160316, 1.149999999999999911 ) ) ;
#1954 = CARTESIAN_POINT ( 'NONE',  ( -0.6740590742599109619, 0.4950000000000160383, 1.149999999999999911 ) ) ;
#1955 = AXIS2_PLACEMENT_3D ( 'NONE', #413, #658, #1290 ) ;
#1956 = AXIS2_PLACEMENT_3D ( 'NONE', #611, #579, #1443 ) ;
#1957 = EDGE_LOOP ( 'NONE', ( #2724, #249, #879, #1856 ) ) ;
#1958 = VECTOR ( 'NONE', #1442, 1000.000000000000114 ) ;
#1959 = AXIS2_PLACEMENT_3D ( 'NONE', #2083, #2310, #1473 ) ;
#1960 = CARTESIAN_POINT ( 'NONE',  ( -1.079118999999999939, 0.4403637236339115191, 1.149999999999999911 ) ) ;
#1961 = DIRECTION ( 'NONE',  ( 6.834509128875590854E-15, 1.000000000000000000, -7.888609052210119806E-31 ) ) ;
#1962 = CARTESIAN_POINT ( 'NONE',  ( 0.8101929663054239228, 0.6750000000000000444, -1.487500000000000044 ) ) ;
#1963 = EDGE_CURVE ( 'NONE', #2346, #693, #224, .T. ) ;
#1964 = EDGE_CURVE ( 'NONE', #1024, #2076, #545, .T. ) ;
#1965 = CARTESIAN_POINT ( 'NONE',  ( -1.079118999999999939, 0.4403637236339115191, 0.2000000000000000111 ) ) ;
#1966 = CARTESIAN_POINT ( 'NONE',  ( 0.7944450068707570312, 0.4949999999999999956, -0.7500000000000000000 ) ) ;
#1967 = EDGE_LOOP ( 'NONE', ( #236, #1168, #1001, #134 ) ) ;
#1968 = EDGE_LOOP ( 'NONE', ( #487, #464, #1311, #348 ) ) ;
#1969 = CIRCLE ( 'NONE', #734, 0.05463627636610561555 ) ;
#1970 = DIRECTION ( 'NONE',  ( 0.08715574274765885976, 0.9961946980917455452, -1.067350013832299363E-17 ) ) ;
#1971 = VECTOR ( 'NONE', #644, 1000.000000000000114 ) ;
#1972 = CARTESIAN_POINT ( 'NONE',  ( -0.8991190000000000015, 0.4403637236339115191, 0.2000000000000000111 ) ) ;
#1973 = PLANE ( 'NONE',  #672 ) ;
#1974 = PLANE ( 'NONE',  #2572 ) ;
#1975 = CARTESIAN_POINT ( 'NONE',  ( -0.3398070336945735459, 1.050000000000011813, -1.137499999999999956 ) ) ;
#1976 = FACE_OUTER_BOUND ( 'NONE', #2211, .T. ) ;
#1977 = ORIENTED_EDGE ( 'NONE', *, *, #1734, .F. ) ;
#1978 = VERTEX_POINT ( 'NONE', #625 ) ;
#1979 = EDGE_CURVE ( 'NONE', #2694, #2760, #883, .T. ) ;
#1980 = ORIENTED_EDGE ( 'NONE', *, *, #1180, .T. ) ;
#1981 = FACE_OUTER_BOUND ( 'NONE', #716, .T. ) ;
#1982 = EDGE_CURVE ( 'NONE', #2530, #2141, #1951, .T. ) ;
#1983 = FILL_AREA_STYLE ('',( #1118 ) ) ;
#1984 = DIRECTION ( 'NONE',  ( -1.000000000000000000, 7.228014483236698330E-15, 0.000000000000000000 ) ) ;
#1985 = ORIENTED_EDGE ( 'NONE', *, *, #2020, .T. ) ;
#1986 = DIRECTION ( 'NONE',  ( 1.000000000000000000, -6.834509128875590854E-15, -1.224646799147351975E-16 ) ) ;
#1987 = CARTESIAN_POINT ( 'NONE',  ( -0.3398070336945735459, 1.050000000000011813, -1.137499999999999956 ) ) ;
#1988 = DIRECTION ( 'NONE',  ( 1.000000000000000000, 0.000000000000000000, -1.224646799147351975E-16 ) ) ;
#1989 = DIRECTION ( 'NONE',  ( 5.883335303827079825E-45, 8.488231705215440247E-31, 1.000000000000000000 ) ) ;
#1990 = LINE ( 'NONE', #1304, #679 ) ;
#1991 = ORIENTED_EDGE ( 'NONE', *, *, #1786, .T. ) ;
#1992 = VERTEX_POINT ( 'NONE', #842 ) ;
#1993 = EDGE_CURVE ( 'NONE', #2327, #904, #168, .T. ) ;
#1994 = DIRECTION ( 'NONE',  ( -5.883335303827079825E-45, -8.488231705215440247E-31, -1.000000000000000000 ) ) ;
#1995 = ORIENTED_EDGE ( 'NONE', *, *, #2394, .F. ) ;
#1996 = EDGE_CURVE ( 'NONE', #1305, #1810, #1286, .T. ) ;
#1997 = EDGE_CURVE ( 'NONE', #2760, #1059, #1809, .T. ) ;
#1998 = DIRECTION ( 'NONE',  ( 5.883335303827089782E-45, 8.488231705215440247E-31, 1.000000000000000000 ) ) ;
#1999 = ORIENTED_EDGE ( 'NONE', *, *, #229, .F. ) ;
#2000 = VECTOR ( 'NONE', #292, 1000.000000000000000 ) ;
#2001 = AXIS2_PLACEMENT_3D ( 'NONE', #169, #1709, #1276 ) ;
#2002 = DIRECTION ( 'NONE',  ( 1.366901825775120222E-14, 1.000000000000000000, -1.625846878063100298E-30 ) ) ;
#2003 = COLOUR_RGB ( '',0.2509803921568627416, 0.2509803921568627416, 0.2509803921568627416 ) ;
#2004 = AXIS2_PLACEMENT_3D ( 'NONE', #2604, #1048, #1939 ) ;
#2005 = CARTESIAN_POINT ( 'NONE',  ( 1.435192966305421924, 0.1793150456565134887, -1.125000000000000000 ) ) ;
#2006 = DIRECTION ( 'NONE',  ( -1.224646799147351975E-16, 0.000000000000000000, -1.000000000000000000 ) ) ;
#2007 = STYLED_ITEM ( 'NONE', ( #1334 ), #9 ) ;
#2008 = AXIS2_PLACEMENT_3D ( 'NONE', #474, #2482, #921 ) ;
#2009 = DIRECTION ( 'NONE',  ( 0.000000000000000000, 1.071427117486923930E-17, -1.000000000000000000 ) ) ;
#2010 = DIRECTION ( 'NONE',  ( 1.000000000000000000, -6.945399386795264921E-15, 0.000000000000000000 ) ) ;
#2011 = ORIENTED_EDGE ( 'NONE', *, *, #435, .T. ) ;
#2012 = ORIENTED_EDGE ( 'NONE', *, *, #2581, .T. ) ;
#2013 = ORIENTED_EDGE ( 'NONE', *, *, #2798, .F. ) ;
#2014 = LINE ( 'NONE', #663, #1505 ) ;
#2015 = ORIENTED_EDGE ( 'NONE', *, *, #2716, .T. ) ;
#2016 = AXIS2_PLACEMENT_3D ( 'NONE', #2489, #1246, #2289 ) ;
#2017 = UNCERTAINTY_MEASURE_WITH_UNIT (LENGTH_MEASURE( 1.000000000000000082E-05 ), #1608, 'distance_accuracy_value', 'NONE');
#2018 = LINE ( 'NONE', #264, #1272 ) ;
#2019 = AXIS2_PLACEMENT_3D ( 'NONE', #2401, #1558, #1079 ) ;
#2020 = EDGE_CURVE ( 'NONE', #2281, #1363, #2148, .T. ) ;
#2021 = DIRECTION ( 'NONE',  ( 7.888609052210119806E-31, -1.000000000000000000, -4.812506762107419705E-32 ) ) ;
#2022 = CARTESIAN_POINT ( 'NONE',  ( 0.8101929663054260322, 0.6750000000000000444, -1.125000000000000000 ) ) ;
#2023 = DIRECTION ( 'NONE',  ( -1.155194530527123873E-16, -4.813852850567309795E-32, -1.000000000000000000 ) ) ;
#2024 = EDGE_CURVE ( 'NONE', #2222, #1828, #2643, .T. ) ;
#2025 = DIRECTION ( 'NONE',  ( -1.000000000000000000, 6.931167183162754676E-15, 0.000000000000000000 ) ) ;
#2026 = LINE ( 'NONE', #102, #2466 ) ;
#2027 = ORIENTED_EDGE ( 'NONE', *, *, #2145, .F. ) ;
#2028 = ORIENTED_EDGE ( 'NONE', *, *, #2663, .T. ) ;
#2029 = VERTEX_POINT ( 'NONE', #708 ) ;
#2030 = CYLINDRICAL_SURFACE ( 'NONE', #2747, 0.2346362763661054285 ) ;
#2031 = EDGE_LOOP ( 'NONE', ( #1393, #2564, #1791, #1177 ) ) ;
#2032 = PLANE ( 'NONE',  #1636 ) ;
#2033 = CARTESIAN_POINT ( 'NONE',  ( 0.9648686562447420512, 0.4403637236338990291, 1.149999999999999911 ) ) ;
#2034 = ADVANCED_FACE ( 'NONE', ( #1829 ), #2478, .T. ) ;
#2035 = CARTESIAN_POINT ( 'NONE',  ( 0.8101929663054270314, 0.6750000000000000444, 1.149999999999999911 ) ) ;
#2036 = DIRECTION ( 'NONE',  ( -1.000000000000000000, 6.945399386795264921E-15, 0.000000000000000000 ) ) ;
#2037 = DIRECTION ( 'NONE',  ( -1.224646799147351975E-16, 0.000000000000000000, -1.000000000000000000 ) ) ;
#2038 = EDGE_CURVE ( 'NONE', #2515, #164, #2018, .T. ) ;
#2039 = ORIENTED_EDGE ( 'NONE', *, *, #1982, .T. ) ;
#2040 = ORIENTED_EDGE ( 'NONE', *, *, #1997, .T. ) ;
#2041 = CARTESIAN_POINT ( 'NONE',  ( -1.314807033694578076, 0.1793150456565325013, 0.7750000000000000222 ) ) ;
#2042 = EDGE_LOOP ( 'NONE', ( #2469, #1000, #614, #2730 ) ) ;
#2043 = UNCERTAINTY_MEASURE_WITH_UNIT (LENGTH_MEASURE( 1.000000000000000082E-05 ), #157, 'distance_accuracy_value', 'NONE');
#2044 = CARTESIAN_POINT ( 'NONE',  ( 1.419504932610843984, -7.041719095096990480E-17, 1.149999999999999911 ) ) ;
#2045 = ORIENTED_EDGE ( 'NONE', *, *, #1216, .T. ) ;
#2046 = CARTESIAN_POINT ( 'NONE',  ( 1.233691310034715771, 0.01625658550409600153, -0.7500000000000000000 ) ) ;
#2047 = FACE_OUTER_BOUND ( 'NONE', #988, .T. ) ;
#2048 = VECTOR ( 'NONE', #2400, 1000.000000000000114 ) ;
#2049 = AXIS2_PLACEMENT_3D ( 'NONE', #928, #1998, #2228 ) ;
#2050 = VECTOR ( 'NONE', #1469, 1000.000000000000000 ) ;
#2051 = DIRECTION ( 'NONE',  ( 1.000000000000000000, -6.931167183162754676E-15, 0.000000000000000000 ) ) ;
#2052 = FACE_OUTER_BOUND ( 'NONE', #431, .T. ) ;
#2053 = ORIENTED_EDGE ( 'NONE', *, *, #2240, .F. ) ;
#2054 = ORIENTED_EDGE ( 'NONE', *, *, #609, .F. ) ;
#2055 = VECTOR ( 'NONE', #1713, 1000.000000000000000 ) ;
#2056 = ADVANCED_FACE ( 'NONE', ( #1580 ), #2032, .F. ) ;
#2057 = ORIENTED_EDGE ( 'NONE', *, *, #2276, .F. ) ;
#2058 = VECTOR ( 'NONE', #1569, 1000.000000000000000 ) ;
#2059 = FACE_OUTER_BOUND ( 'NONE', #2117, .T. ) ;
#2060 = DIRECTION ( 'NONE',  ( -5.907521358157999659E-45, -8.505661127838810674E-31, -1.000000000000000000 ) ) ;
#2061 = VERTEX_POINT ( 'NONE', #1328 ) ;
#2062 = EDGE_LOOP ( 'NONE', ( #748, #1852, #836, #287 ) ) ;
#2063 = CARTESIAN_POINT ( 'NONE',  ( 1.254141208976950139, 0.2500000000000000000, 0.7750000000000000222 ) ) ;
#2064 = ORIENTED_EDGE ( 'NONE', *, *, #1979, .T. ) ;
#2065 = CIRCLE ( 'NONE', #828, 0.2346362763661054285 ) ;
#2066 = CARTESIAN_POINT ( 'NONE',  ( 0.7944450068707570312, 0.4949999999999999956, 1.149999999999999911 ) ) ;
#2067 = VECTOR ( 'NONE', #1677, 1000.000000000000000 ) ;
#2068 = DIRECTION ( 'NONE',  ( -1.224646799147351975E-16, 0.000000000000000000, -1.000000000000000000 ) ) ;
#2069 = CYLINDRICAL_SURFACE ( 'NONE', #2368, 0.2346362763661054285 ) ;
#2070 = VERTEX_POINT ( 'NONE', #2645 ) ;
#2071 = VERTEX_POINT ( 'NONE', #1781 ) ;
#2072 = ORIENTED_EDGE ( 'NONE', *, *, #1310, .F. ) ;
#2073 = ADVANCED_FACE ( 'NONE', ( #2254 ), #2242, .T. ) ;
#2074 = CARTESIAN_POINT ( 'NONE',  ( 1.254141208976950139, 0.2500000000000000000, 1.149999999999999911 ) ) ;
#2075 = VERTEX_POINT ( 'NONE', #235 ) ;
#2076 = VERTEX_POINT ( 'NONE', #1381 ) ;
#2077 = LINE ( 'NONE', #770, #1464 ) ;
#2078 = EDGE_CURVE ( 'NONE', #1828, #509, #1599, .T. ) ;
#2079 = ORIENTED_EDGE ( 'NONE', *, *, #184, .F. ) ;
#2080 = CARTESIAN_POINT ( 'NONE',  ( -1.113305377423875919, 0.01625658550411205119, 1.149999999999999911 ) ) ;
#2081 = CARTESIAN_POINT ( 'NONE',  ( -0.3398070336945729908, 1.100000000000012079, -1.137499999999999956 ) ) ;
#2082 = CARTESIAN_POINT ( 'NONE',  ( -0.8444827236338948717, 0.4403637236339115191, 1.149999999999999911 ) ) ;
#2083 = CARTESIAN_POINT ( 'NONE',  ( 0.9648686562447420512, 0.4403637236338990291, -0.7500000000000000000 ) ) ;
#2084 = ORIENTED_EDGE ( 'NONE', *, *, #843, .F. ) ;
#2085 = ORIENTED_EDGE ( 'NONE', *, *, #281, .F. ) ;
#2086 = APPLICATION_CONTEXT ( 'automotive_design' ) ;
#2087 = VERTEX_POINT ( 'NONE', #2044 ) ;
#2088 = DIRECTION ( 'NONE',  ( 7.228014483236699908E-15, 1.000000000000000000, -7.888609052210119806E-31 ) ) ;
#2089 = FACE_OUTER_BOUND ( 'NONE', #2544, .T. ) ;
#2090 = EDGE_LOOP ( 'NONE', ( #335, #2439, #387, #2607 ) ) ;
#2091 = PLANE ( 'NONE',  #719 ) ;
#2092 = ADVANCED_FACE ( 'NONE', ( #63 ), #279, .F. ) ;
#2093 = EDGE_CURVE ( 'NONE', #2515, #2483, #2598, .T. ) ;
#2094 = LINE ( 'NONE', #329, #2324 ) ;
#2095 = LINE ( 'NONE', #126, #217 ) ;
#2096 = CARTESIAN_POINT ( 'NONE',  ( -1.079118999999999939, 0.2500000000000164868, -0.1749999999999999889 ) ) ;
#2097 = VECTOR ( 'NONE', #2021, 1000.000000000000000 ) ;
#2098 = DIRECTION ( 'NONE',  ( -5.907521358157999659E-45, -8.505661127838810674E-31, -1.000000000000000000 ) ) ;
#2099 = ORIENTED_EDGE ( 'NONE', *, *, #1646, .T. ) ;
#2100 = ORIENTED_EDGE ( 'NONE', *, *, #1710, .T. ) ;
#2101 = VECTOR ( 'NONE', #248, 1000.000000000000000 ) ;
#2102 = VECTOR ( 'NONE', #2650, 1000.000000000000000 ) ;
#2103 = ORIENTED_EDGE ( 'NONE', *, *, #513, .F. ) ;
#2104 = LINE ( 'NONE', #1488, #1587 ) ;
#2105 = DIRECTION ( 'NONE',  ( -1.224646799147351975E-16, 0.000000000000000000, -1.000000000000000000 ) ) ;
#2106 = ORIENTED_EDGE ( 'NONE', *, *, #2581, .F. ) ;
#2107 = VECTOR ( 'NONE', #775, 1000.000000000000000 ) ;
#2108 = AXIS2_PLACEMENT_3D ( 'NONE', #2468, #2667, #2010 ) ;
#2109 = CYLINDRICAL_SURFACE ( 'NONE', #2016, 0.2346362763661055395 ) ;
#2110 = FACE_OUTER_BOUND ( 'NONE', #2711, .T. ) ;
#2111 = SURFACE_STYLE_FILL_AREA ( #607 ) ;
#2112 = EDGE_CURVE ( 'NONE', #2657, #2119, #1169, .T. ) ;
#2113 = VECTOR ( 'NONE', #1970, 999.9999999999998863 ) ;
#2114 = CIRCLE ( 'NONE', #2700, 0.05463627636610561555 ) ;
#2115 = CYLINDRICAL_SURFACE ( 'NONE', #135, 0.2346362763661054285 ) ;
#2116 = DIRECTION ( 'NONE',  ( 0.9961946980917453232, -0.08715574274766003937, -1.219986648345620426E-16 ) ) ;
#2117 = EDGE_LOOP ( 'NONE', ( #2742, #2723, #2681, #970, #6, #2728, #2237, #926, #96, #2250, #2560, #1805 ) ) ;
#2118 = ADVANCED_FACE ( 'NONE', ( #2443 ), #24, .F. ) ;
#2119 = VERTEX_POINT ( 'NONE', #683 ) ;
#2120 = DIRECTION ( 'NONE',  ( 0.000000000000000000, -0.9961946980917455452, 0.08715574274765836016 ) ) ;
#2121 = CARTESIAN_POINT ( 'NONE',  ( 0.8101929663054239228, 0.6750000000000000444, -1.487500000000000044 ) ) ;
#2122 = ORIENTED_EDGE ( 'NONE', *, *, #1940, .F. ) ;
#2123 = LINE ( 'NONE', #1414, #2610 ) ;
#2124 = DIRECTION ( 'NONE',  ( -1.000000000000000000, 0.000000000000000000, -1.863568102968504712E-16 ) ) ;
#2125 = FILL_AREA_STYLE_COLOUR ( '', #223 ) ;
#2126 = EDGE_CURVE ( 'NONE', #1563, #2313, #1553, .T. ) ;
#2127 = DIRECTION ( 'NONE',  ( -1.224646799147351975E-16, 0.000000000000000000, -1.000000000000000000 ) ) ;
#2128 = DIRECTION ( 'NONE',  ( 1.224646799147359863E-16, 0.000000000000000000, 1.000000000000000000 ) ) ;
#2129 = ORIENTED_EDGE ( 'NONE', *, *, #1929, .T. ) ;
#2130 = EDGE_CURVE ( 'NONE', #1263, #2263, #1129, .T. ) ;
#2131 = EDGE_CURVE ( 'NONE', #2354, #173, #1229, .T. ) ;
#2132 = ORIENTED_EDGE ( 'NONE', *, *, #1556, .T. ) ;
#2133 = DIRECTION ( 'NONE',  ( -7.007058385736710106E-16, 3.951994477546095376E-30, -1.000000000000000000 ) ) ;
#2134 = ORIENTED_EDGE ( 'NONE', *, *, #2336, .T. ) ;
#2135 = CARTESIAN_POINT ( 'NONE',  ( 0.7875763940992259737, 0.9335086032260609956, 1.489883427793802229 ) ) ;
#2136 = DIRECTION ( 'NONE',  ( -0.08715574274765218454, 0.9961946980917459893, 0.000000000000000000 ) ) ;
#2137 = DIRECTION ( 'NONE',  ( -1.000000000000000000, 7.228014483236698330E-15, 0.000000000000000000 ) ) ;
#2138 = CARTESIAN_POINT ( 'NONE',  ( -0.6898070336945760772, 0.6750000000000160316, -0.7500000000000000000 ) ) ;
#2139 = DIRECTION ( 'NONE',  ( -0.9961946980917451011, 0.08715574274766310636, 1.219986648345620179E-16 ) ) ;
#2140 = VERTEX_POINT ( 'NONE', #123 ) ;
#2141 = VERTEX_POINT ( 'NONE', #1188 ) ;
#2142 = CARTESIAN_POINT ( 'NONE',  ( -0.3398070336945729908, 1.100000000000012079, -1.137499999999999956 ) ) ;
#2143 = ORIENTED_EDGE ( 'NONE', *, *, #2799, .T. ) ;
#2144 = AXIS2_PLACEMENT_3D ( 'NONE', #1514, #2619, #656 ) ;
#2145 = EDGE_CURVE ( 'NONE', #867, #423, #2746, .T. ) ;
#2146 = VECTOR ( 'NONE', #1901, 1000.000000000000000 ) ;
#2147 = VERTEX_POINT ( 'NONE', #1438 ) ;
#2148 = CIRCLE ( 'NONE', #2049, 0.2346362763661054285 ) ;
#2149 =( GEOMETRIC_REPRESENTATION_CONTEXT ( 3 ) GLOBAL_UNCERTAINTY_ASSIGNED_CONTEXT ( ( #2017 ) ) GLOBAL_UNIT_ASSIGNED_CONTEXT ( ( #1608, #466, #1536 ) ) REPRESENTATION_CONTEXT ( 'NONE', 'WORKASPACE' ) );
#2150 = CARTESIAN_POINT ( 'NONE',  ( -1.079118999999999939, 0.2500000000000164868, 1.149999999999999911 ) ) ;
#2151 = FACE_OUTER_BOUND ( 'NONE', #2497, .T. ) ;
#2152 = LINE ( 'NONE', #1481, #310 ) ;
#2153 = DIRECTION ( 'NONE',  ( 1.155194530527123873E-16, 4.813852850567309795E-32, 1.000000000000000000 ) ) ;
#2154 = DIRECTION ( 'NONE',  ( 7.228014483236699908E-15, 1.000000000000000000, -7.888609052210119806E-31 ) ) ;
#2155 = ORIENTED_EDGE ( 'NONE', *, *, #1916, .T. ) ;
#2156 = CIRCLE ( 'NONE', #1281, 0.2346362763661054285 ) ;
#2157 = CARTESIAN_POINT ( 'NONE',  ( 0.7730102843069109886, 1.100000000000000089, 1.475317318001486022 ) ) ;
#2158 = CARTESIAN_POINT ( 'NONE',  ( -1.079118999999999939, 0.4403637236339115191, -0.1749999999999999889 ) ) ;
#2159 = COLOUR_RGB ( '',0.7921568627450980005, 0.8196078431372548767, 0.9333333333333333481 ) ;
#2160 = EDGE_LOOP ( 'NONE', ( #2471, #1590, #1336, #1656 ) ) ;
#2161 = ADVANCED_FACE ( 'NONE', ( #574 ), #2091, .F. ) ;
#2162 = DIRECTION ( 'NONE',  ( -0.08715574274765208740, 0.9961946980917459893, 1.067350013832227873E-17 ) ) ;
#2163 = LINE ( 'NONE', #1200, #1815 ) ;
#2164 = DIRECTION ( 'NONE',  ( 7.007058385736710106E-16, -3.951994477546095376E-30, 1.000000000000000000 ) ) ;
#2165 = CARTESIAN_POINT ( 'NONE',  ( -1.314807033694578076, 0.1793150456565325013, -1.125000000000000000 ) ) ;
#2166 = DIRECTION ( 'NONE',  ( -1.000000000000000000, 6.834509128875590854E-15, 0.000000000000000000 ) ) ;
#2167 = ORIENTED_EDGE ( 'NONE', *, *, #1761, .F. ) ;
#2168 = LINE ( 'NONE', #201, #819 ) ;
#2169 = LINE ( 'NONE', #2158, #1641 ) ;
#2170 = EDGE_LOOP ( 'NONE', ( #1980, #2501, #288, #391 ) ) ;
#2171 = VERTEX_POINT ( 'NONE', #1657 ) ;
#2172 = DIRECTION ( 'NONE',  ( -5.695424274063019989E-16, 1.000000000000000000, 1.178738986912482035E-31 ) ) ;
#2173 = LINE ( 'NONE', #2568, #2050 ) ;
#2174 = CARTESIAN_POINT ( 'NONE',  ( -0.8991190000000000015, 0.4403637236339115191, -0.7500000000000000000 ) ) ;
#2175 = EDGE_LOOP ( 'NONE', ( #1610, #2766, #2519, #2757 ) ) ;
#2176 = EDGE_CURVE ( 'NONE', #2397, #2829, #1037, .T. ) ;
#2177 = EDGE_CURVE ( 'NONE', #1363, #2701, #2538, .T. ) ;
#2178 = CARTESIAN_POINT ( 'NONE',  ( -0.8444827236338929843, 0.6750000000000170308, 0.7750000000000000222 ) ) ;
#2179 = CARTESIAN_POINT ( 'NONE',  ( -1.113305377423875919, 0.01625658550411205119, -1.125000000000000000 ) ) ;
#2180 = PLANE ( 'NONE',  #1062 ) ;
#2181 = DIRECTION ( 'NONE',  ( 1.000000000000000000, 0.000000000000000000, -1.224646799147351975E-16 ) ) ;
#2182 = LINE ( 'NONE', #1714, #266 ) ;
#2183 = ORIENTED_EDGE ( 'NONE', *, *, #462, .F. ) ;
#2184 = ORIENTED_EDGE ( 'NONE', *, *, #281, .T. ) ;
#2185 = AXIS2_PLACEMENT_3D ( 'NONE', #1066, #426, #1528 ) ;
#2186 = CARTESIAN_POINT ( 'NONE',  ( 1.019504932610844072, 0.2500000000000035527, -0.7500000000000000000 ) ) ;
#2187 = VECTOR ( 'NONE', #1671, 999.9999999999998863 ) ;
#2188 = VECTOR ( 'NONE', #2164, 1000.000000000000000 ) ;
#2189 = MECHANICAL_DESIGN_GEOMETRIC_PRESENTATION_REPRESENTATION (  '', ( #676 ), #2149 ) ;
#2190 = CARTESIAN_POINT ( 'NONE',  ( -0.8991190000000000015, 0.4403637236339115191, 1.149999999999999911 ) ) ;
#2191 = CLOSED_SHELL ( 'NONE', ( #981, #807, #1667, #1768, #2056, #2514, #2548, #862, #590, #975, #831, #1482, #57, #649 ) ) ;
#2192 = VECTOR ( 'NONE', #849, 1000.000000000000114 ) ;
#2193 = DIRECTION ( 'NONE',  ( 6.834509128875590854E-15, 1.000000000000000000, -7.888609052210119806E-31 ) ) ;
#2194 = ADVANCED_FACE ( 'NONE', ( #352 ), #992, .F. ) ;
#2195 = DIRECTION ( 'NONE',  ( 1.000000000000000000, -3.017425608596270344E-15, -1.224646799147351975E-16 ) ) ;
#2196 = DIRECTION ( 'NONE',  ( -5.907521358157999659E-45, -8.505661127838810674E-31, -1.000000000000000000 ) ) ;
#2197 = DIRECTION ( 'NONE',  ( -1.224646799147351975E-16, 0.000000000000000000, -1.000000000000000000 ) ) ;
#2198 = CARTESIAN_POINT ( 'NONE',  ( -1.113305377423875919, 0.01625658550411205119, 0.2000000000000000111 ) ) ;
#2199 = ORIENTED_EDGE ( 'NONE', *, *, #2398, .T. ) ;
#2200 = VECTOR ( 'NONE', #1379, 1000.000000000000000 ) ;
#2201 = DIRECTION ( 'NONE',  ( -1.000000000000000000, 6.931167183162754676E-15, 0.000000000000000000 ) ) ;
#2202 = PRESENTATION_LAYER_ASSIGNMENT (  '', '', ( #737 ) ) ;
#2203 = DIRECTION ( 'NONE',  ( 6.834509128875590854E-15, 1.000000000000000000, -7.888609052210119806E-31 ) ) ;
#2204 = ORIENTED_EDGE ( 'NONE', *, *, #1109, .T. ) ;
#2205 = CARTESIAN_POINT ( 'NONE',  ( -1.314807033694578076, 0.1793150456565325013, -0.7500000000000000000 ) ) ;
#2206 = LINE ( 'NONE', #874, #1403 ) ;
#2207 = DIRECTION ( 'NONE',  ( 1.224646799147351975E-16, 0.000000000000000000, 1.000000000000000000 ) ) ;
#2208 = ADVANCED_FACE ( 'NONE', ( #2773 ), #2109, .T. ) ;
#2209 = DIRECTION ( 'NONE',  ( -1.000000000000000000, 6.931167183162751520E-15, 0.000000000000000000 ) ) ;
#2210 = ORIENTED_EDGE ( 'NONE', *, *, #1395, .F. ) ;
#2211 = EDGE_LOOP ( 'NONE', ( #1097, #2311, #1195, #1511 ) ) ;
#2212 = EDGE_CURVE ( 'NONE', #534, #823, #2156, .T. ) ;
#2213 = FACE_OUTER_BOUND ( 'NONE', #1723, .T. ) ;
#2214 = ORIENTED_EDGE ( 'NONE', *, *, #2212, .F. ) ;
#2215 = UNCERTAINTY_MEASURE_WITH_UNIT (LENGTH_MEASURE( 1.000000000000000082E-05 ), #2227, 'distance_accuracy_value', 'NONE');
#2216 = CARTESIAN_POINT ( 'NONE',  ( 1.249379343729295933, 0.1955716311606099933, 1.149999999999999911 ) ) ;
#2217 = VERTEX_POINT ( 'NONE', #2761 ) ;
#2218 = FACE_OUTER_BOUND ( 'NONE', #1895, .T. ) ;
#2219 = DIRECTION ( 'NONE',  ( -1.000000000000000000, 6.834509128875590854E-15, 1.224646799147351975E-16 ) ) ;
#2220 = CARTESIAN_POINT ( 'NONE',  ( -1.314807033694578076, 0.1793150456565325013, -0.1749999999999999889 ) ) ;
#2221 = DIRECTION ( 'NONE',  ( 1.005685772514594667E-15, 0.08715574274765836016, 0.9961946980917455452 ) ) ;
#2222 = VERTEX_POINT ( 'NONE', #587 ) ;
#2223 = VERTEX_POINT ( 'NONE', #527 ) ;
#2224 = ORIENTED_EDGE ( 'NONE', *, *, #262, .F. ) ;
#2225 = EDGE_CURVE ( 'NONE', #328, #1444, #369, .T. ) ;
#2226 = DIRECTION ( 'NONE',  ( 5.883335303827079825E-45, 8.488231705215440247E-31, 1.000000000000000000 ) ) ;
#2227 =( LENGTH_UNIT ( ) NAMED_UNIT ( * ) SI_UNIT ( .MILLI., .METRE. ) );
#2228 = DIRECTION ( 'NONE',  ( 1.000000000000000000, -6.931167183162754676E-15, 0.000000000000000000 ) ) ;
#2229 = VERTEX_POINT ( 'NONE', #799 ) ;
#2230 = CIRCLE ( 'NONE', #1451, 0.1499999999999999667 ) ;
#2231 = CARTESIAN_POINT ( 'NONE',  ( -0.6740590742599109619, 0.4950000000000160383, -0.7500000000000000000 ) ) ;
#2232 = COLOUR_RGB ( '',0.7921568627450980005, 0.8196078431372548767, 0.9333333333333333481 ) ;
#2233 = DIRECTION ( 'NONE',  ( -1.000000000000000000, 6.931167183162751520E-15, 0.000000000000000000 ) ) ;
#2234 = VECTOR ( 'NONE', #1040, 1000.000000000000000 ) ;
#2235 = DIRECTION ( 'NONE',  ( -1.224646799147351975E-16, 0.000000000000000000, -1.000000000000000000 ) ) ;
#2236 = DIRECTION ( 'NONE',  ( -1.000000000000000000, 6.834509128875590854E-15, 1.224646799147351975E-16 ) ) ;
#2237 = ORIENTED_EDGE ( 'NONE', *, *, #67, .T. ) ;
#2238 = EDGE_LOOP ( 'NONE', ( #2204, #2027, #739, #1074 ) ) ;
#2239 = DIRECTION ( 'NONE',  ( 1.224646799147359863E-16, 0.000000000000000000, 1.000000000000000000 ) ) ;
#2240 = EDGE_CURVE ( 'NONE', #2397, #1630, #1647, .T. ) ;
#2241 = VERTEX_POINT ( 'NONE', #2335 ) ;
#2242 = PLANE ( 'NONE',  #771 ) ;
#2243 = VERTEX_POINT ( 'NONE', #370 ) ;
#2244 = EDGE_CURVE ( 'NONE', #1532, #2229, #2123, .T. ) ;
#2245 = LINE ( 'NONE', #945, #441 ) ;
#2246 = CARTESIAN_POINT ( 'NONE',  ( 1.419504932610843984, -7.041719095096990480E-17, 1.149999999999999911 ) ) ;
#2247 = DIRECTION ( 'NONE',  ( 1.000000000000000000, -6.834509128875590854E-15, 0.000000000000000000 ) ) ;
#2248 = CARTESIAN_POINT ( 'NONE',  ( 0.7944450068707570312, 0.4949999999999999956, 0.7750000000000000222 ) ) ;
#2249 = CARTESIAN_POINT ( 'NONE',  ( -0.8444827236338948717, 0.4403637236339115191, -0.1749999999999999889 ) ) ;
#2250 = ORIENTED_EDGE ( 'NONE', *, *, #2318, .T. ) ;
#2251 = VERTEX_POINT ( 'NONE', #2269 ) ;
#2252 = ORIENTED_EDGE ( 'NONE', *, *, #1161, .F. ) ;
#2253 = CARTESIAN_POINT ( 'NONE',  ( -0.8444827236338948717, 0.4403637236339115191, -0.7500000000000000000 ) ) ;
#2254 = FACE_OUTER_BOUND ( 'NONE', #1166, .T. ) ;
#2255 = ORIENTED_EDGE ( 'NONE', *, *, #1299, .F. ) ;
#2256 = DIRECTION ( 'NONE',  ( -1.224646799147351975E-16, 0.000000000000000000, -1.000000000000000000 ) ) ;
#2257 = LINE ( 'NONE', #1172, #2555 ) ;
#2258 = EDGE_CURVE ( 'NONE', #924, #929, #111, .T. ) ;
#2259 = EDGE_CURVE ( 'NONE', #1019, #1141, #1842, .T. ) ;
#2260 = DIRECTION ( 'NONE',  ( 1.000000000000000000, 7.888609052210119806E-31, -1.224646799147351975E-16 ) ) ;
#2261 = DIRECTION ( 'NONE',  ( -1.000000000000000000, 6.834509128875590854E-15, 1.224646799147351975E-16 ) ) ;
#2262 = ORIENTED_EDGE ( 'NONE', *, *, #759, .T. ) ;
#2263 = VERTEX_POINT ( 'NONE', #2503 ) ;
#2264 = VERTEX_POINT ( 'NONE', #1857 ) ;
#2265 = DIRECTION ( 'NONE',  ( 1.224646799147351975E-16, 0.000000000000000000, 1.000000000000000000 ) ) ;
#2266 = PLANE ( 'NONE',  #2750 ) ;
#2267 = ORIENTED_EDGE ( 'NONE', *, *, #1698, .F. ) ;
#2268 = ORIENTED_EDGE ( 'NONE', *, *, #1576, .T. ) ;
#2269 = CARTESIAN_POINT ( 'NONE',  ( 1.199504932610846009, 0.2500000000000000000, 1.149999999999999911 ) ) ;
#2270 = ORIENTED_EDGE ( 'NONE', *, *, #2176, .T. ) ;
#2271 = PLANE ( 'NONE',  #2365 ) ;
#2272 = DIRECTION ( 'NONE',  ( -5.883335303827079825E-45, -8.488231705215440247E-31, -1.000000000000000000 ) ) ;
#2273 = CIRCLE ( 'NONE', #599, 0.2346362763661054285 ) ;
#2274 = AXIS2_PLACEMENT_3D ( 'NONE', #1416, #2291, #143 ) ;
#2275 = VECTOR ( 'NONE', #1085, 1000.000000000000000 ) ;
#2276 = EDGE_CURVE ( 'NONE', #2070, #301, #543, .T. ) ;
#2277 = VECTOR ( 'NONE', #616, 1000.000000000000000 ) ;
#2278 = DIRECTION ( 'NONE',  ( 1.000000000000000000, -3.017425608596270344E-15, -1.224646799147351975E-16 ) ) ;
#2279 = CARTESIAN_POINT ( 'NONE',  ( -1.133755276366106068, 0.2500000000000164868, -1.125000000000000000 ) ) ;
#2280 = ORIENTED_EDGE ( 'NONE', *, *, #722, .T. ) ;
#2281 = VERTEX_POINT ( 'NONE', #2729 ) ;
#2282 = VECTOR ( 'NONE', #2037, 1000.000000000000000 ) ;
#2283 = EDGE_CURVE ( 'NONE', #1853, #1036, #2077, .T. ) ;
#2284 = ORIENTED_EDGE ( 'NONE', *, *, #1420, .F. ) ;
#2285 = CARTESIAN_POINT ( 'NONE',  ( 0.8101929663054270314, 0.6750000000000000444, 1.149999999999999911 ) ) ;
#2286 = DIRECTION ( 'NONE',  ( -5.907521358157999659E-45, -8.505661127838810674E-31, -1.000000000000000000 ) ) ;
#2287 = ORIENTED_EDGE ( 'NONE', *, *, #2020, .F. ) ;
#2288 = VERTEX_POINT ( 'NONE', #2524 ) ;
#2289 = DIRECTION ( 'NONE',  ( -1.000000000000000000, 6.931167183162751520E-15, 0.000000000000000000 ) ) ;
#2290 = VECTOR ( 'NONE', #754, 1000.000000000000114 ) ;
#2291 = DIRECTION ( 'NONE',  ( -1.224646799147351975E-16, 0.000000000000000000, -1.000000000000000000 ) ) ;
#2292 = FILL_AREA_STYLE ('',( #114 ) ) ;
#2293 = VECTOR ( 'NONE', #15, 1000.000000000000000 ) ;
#2294 = CARTESIAN_POINT ( 'NONE',  ( 1.435192966305421924, 0.1793150456565134887, 1.149999999999999911 ) ) ;
#2295 = DIRECTION ( 'NONE',  ( 1.000000000000000000, 0.000000000000000000, -1.224646799147351975E-16 ) ) ;
#2296 = EDGE_LOOP ( 'NONE', ( #888, #704, #1112, #2391, #1289, #2267, #1632, #890, #2525, #1906, #2416, #809 ) ) ;
#2297 = ORIENTED_EDGE ( 'NONE', *, *, #124, .T. ) ;
#2298 = VERTEX_POINT ( 'NONE', #10 ) ;
#2299 = DIRECTION ( 'NONE',  ( 6.834509128875590854E-15, 1.000000000000000000, -7.888609052210119806E-31 ) ) ;
#2300 = DIRECTION ( 'NONE',  ( 1.000000000000000000, -6.931167183162754676E-15, 0.000000000000000000 ) ) ;
#2301 = VERTEX_POINT ( 'NONE', #1490 ) ;
#2302 = EDGE_CURVE ( 'NONE', #488, #2071, #183, .T. ) ;
#2303 = ADVANCED_FACE ( 'NONE', ( #2367 ), #2824, .F. ) ;
#2304 = UNCERTAINTY_MEASURE_WITH_UNIT (LENGTH_MEASURE( 1.000000000000000082E-05 ), #16, 'distance_accuracy_value', 'NONE');
#2305 = DIRECTION ( 'NONE',  ( 3.017425608596270344E-15, 1.000000000000000000, -3.214029937021935333E-31 ) ) ;
#2306 = ORIENTED_EDGE ( 'NONE', *, *, #2130, .F. ) ;
#2307 = PLANE ( 'NONE',  #1585 ) ;
#2308 = CARTESIAN_POINT ( 'NONE',  ( 1.435192966305421924, 0.1793150456565134887, -0.7500000000000000000 ) ) ;
#2309 = LINE ( 'NONE', #821, #1096 ) ;
#2310 = DIRECTION ( 'NONE',  ( -5.907521358157999659E-45, -8.505661127838810674E-31, -1.000000000000000000 ) ) ;
#2311 = ORIENTED_EDGE ( 'NONE', *, *, #891, .F. ) ;
#2312 = EDGE_LOOP ( 'NONE', ( #747, #2705, #444, #2316 ) ) ;
#2313 = VERTEX_POINT ( 'NONE', #623 ) ;
#2314 = DIRECTION ( 'NONE',  ( 1.000000000000000000, -6.834509128875590854E-15, -1.224646799147351975E-16 ) ) ;
#2315 = DIRECTION ( 'NONE',  ( 1.000000000000000000, -6.945399386795264921E-15, 0.000000000000000000 ) ) ;
#2316 = ORIENTED_EDGE ( 'NONE', *, *, #1398, .T. ) ;
#2317 = ORIENTED_EDGE ( 'NONE', *, *, #1173, .T. ) ;
#2318 = EDGE_CURVE ( 'NONE', #2140, #534, #406, .T. ) ;
#2319 = CARTESIAN_POINT ( 'NONE',  ( 1.019504932610848069, 0.4403637236338985295, -0.7500000000000000000 ) ) ;
#2320 = EDGE_CURVE ( 'NONE', #20, #1947, #1479, .T. ) ;
#2321 = DIRECTION ( 'NONE',  ( 1.856476663710116527E-16, 0.08715574274765836016, -0.9961946980917455452 ) ) ;
#2322 = CARTESIAN_POINT ( 'NONE',  ( -1.128993411118452084, 0.1955716311606264801, 1.149999999999999911 ) ) ;
#2323 = CARTESIAN_POINT ( 'NONE',  ( -0.8444827236338929843, 0.6750000000000170308, 0.2000000000000000111 ) ) ;
#2324 = VECTOR ( 'NONE', #1038, 1000.000000000000000 ) ;
#2325 = FACE_OUTER_BOUND ( 'NONE', #2238, .T. ) ;
#2326 = VERTEX_POINT ( 'NONE', #1928 ) ;
#2327 = VERTEX_POINT ( 'NONE', #166 ) ;
#2328 = VECTOR ( 'NONE', #1422, 1000.000000000000000 ) ;
#2329 = VERTEX_POINT ( 'NONE', #392 ) ;
#2330 = DIRECTION ( 'NONE',  ( 7.228014483236699908E-15, 1.000000000000000000, -7.888609052210119806E-31 ) ) ;
#2331 = CYLINDRICAL_SURFACE ( 'NONE', #511, 0.2346362763661054285 ) ;
#2332 = ORIENTED_EDGE ( 'NONE', *, *, #2258, .T. ) ;
#2333 = CIRCLE ( 'NONE', #363, 0.05463627636610561555 ) ;
#2334 = AXIS2_PLACEMENT_3D ( 'NONE', #835, #2813, #2166 ) ;
#2335 = CARTESIAN_POINT ( 'NONE',  ( 1.419504932610842207, -7.041719095096990480E-17, -1.125000000000000000 ) ) ;
#2336 = EDGE_CURVE ( 'NONE', #571, #544, #869, .T. ) ;
#2337 = LINE ( 'NONE', #2066, #2146 ) ;
#2338 = VECTOR ( 'NONE', #449, 1000.000000000000000 ) ;
#2339 = EDGE_CURVE ( 'NONE', #2802, #302, #222, .T. ) ;
#2340 = EDGE_CURVE ( 'NONE', #661, #938, #418, .T. ) ;
#2341 = AXIS2_PLACEMENT_3D ( 'NONE', #1839, #1390, #1655 ) ;
#2342 = LINE ( 'NONE', #1237, #265 ) ;
#2343 = FACE_OUTER_BOUND ( 'NONE', #1957, .T. ) ;
#2344 = ORIENTED_EDGE ( 'NONE', *, *, #2302, .T. ) ;
#2345 = VECTOR ( 'NONE', #2006, 1000.000000000000000 ) ;
#2346 = VERTEX_POINT ( 'NONE', #1061 ) ;
#2347 = CARTESIAN_POINT ( 'NONE',  ( -1.314807033694578076, 0.1793150456565325013, -0.7500000000000000000 ) ) ;
#2348 = LINE ( 'NONE', #2435, #2293 ) ;
#2349 = EDGE_LOOP ( 'NONE', ( #562, #197, #2054, #2377 ) ) ;
#2350 = CARTESIAN_POINT ( 'NONE',  ( -1.133755276366106068, 0.2500000000000164868, 1.149999999999999911 ) ) ;
#2351 = DIRECTION ( 'NONE',  ( 0.9961946980917465444, 0.08715574274764634199, -1.219986648345621412E-16 ) ) ;
#2352 = ADVANCED_FACE ( 'NONE', ( #1736 ), #2785, .F. ) ;
#2353 = DIRECTION ( 'NONE',  ( -1.224646799147351975E-16, 0.000000000000000000, -1.000000000000000000 ) ) ;
#2354 = VERTEX_POINT ( 'NONE', #2150 ) ;
#2355 = DIRECTION ( 'NONE',  ( -1.224646799147351975E-16, 0.000000000000000000, -1.000000000000000000 ) ) ;
#2356 = VERTEX_POINT ( 'NONE', #851 ) ;
#2357 = CARTESIAN_POINT ( 'NONE',  ( -1.113305377423875919, 0.01625658550411205119, -0.7500000000000000000 ) ) ;
#2358 = SURFACE_STYLE_FILL_AREA ( #1308 ) ;
#2359 = DIRECTION ( 'NONE',  ( 0.08715574274764525953, -0.9961946980917466554, -1.067350013832143440E-17 ) ) ;
#2360 = DIRECTION ( 'NONE',  ( -1.000000000000000000, 7.228014483236698330E-15, 0.000000000000000000 ) ) ;
#2361 = ADVANCED_FACE ( 'NONE', ( #1506 ), #1283, .F. ) ;
#2362 = DIRECTION ( 'NONE',  ( -1.224646799147351975E-16, 0.000000000000000000, -1.000000000000000000 ) ) ;
#2363 = DIRECTION ( 'NONE',  ( -0.08715574274767619312, -0.9961946980917438799, 1.067350013832511832E-17 ) ) ;
#2364 = ORIENTED_EDGE ( 'NONE', *, *, #1395, .T. ) ;
#2365 = AXIS2_PLACEMENT_3D ( 'NONE', #1440, #1247, #1616 ) ;
#2366 = EDGE_CURVE ( 'NONE', #1165, #319, #2065, .T. ) ;
#2367 = FACE_OUTER_BOUND ( 'NONE', #2578, .T. ) ;
#2368 = AXIS2_PLACEMENT_3D ( 'NONE', #86, #1834, #317 ) ;
#2369 = PLANE ( 'NONE',  #959 ) ;
#2370 = CARTESIAN_POINT ( 'NONE',  ( 0.9648686562447420512, 0.4403637236338990291, -1.125000000000000000 ) ) ;
#2371 = VERTEX_POINT ( 'NONE', #604 ) ;
#2372 = CARTESIAN_POINT ( 'NONE',  ( 0.7944450068707570312, 0.4949999999999999956, 1.149999999999999911 ) ) ;
#2373 = CARTESIAN_POINT ( 'NONE',  ( -0.3398070336945735459, 1.050000000000011813, -1.137499999999999956 ) ) ;
#2374 = VECTOR ( 'NONE', #1167, 1000.000000000000000 ) ;
#2375 = CARTESIAN_POINT ( 'NONE',  ( -1.299119000000000135, 1.851004289445749798E-14, 1.149999999999999911 ) ) ;
#2376 = DIRECTION ( 'NONE',  ( 6.834509128875590854E-15, 1.000000000000000000, -7.888609052210119806E-31 ) ) ;
#2377 = ORIENTED_EDGE ( 'NONE', *, *, #2394, .T. ) ;
#2378 = ORIENTED_EDGE ( 'NONE', *, *, #2653, .T. ) ;
#2379 = EDGE_CURVE ( 'NONE', #2356, #1361, #381, .T. ) ;
#2380 = DIRECTION ( 'NONE',  ( -1.423856068515750146E-14, -1.000000000000000000, 1.695595709133270369E-30 ) ) ;
#2381 = ADVANCED_FACE ( 'NONE', ( #650 ), #1938, .T. ) ;
#2382 = CARTESIAN_POINT ( 'NONE',  ( -0.8991190000000000015, 0.2500000000000164868, -0.7500000000000000000 ) ) ;
#2383 =( NAMED_UNIT ( * ) SI_UNIT ( $, .STERADIAN. ) SOLID_ANGLE_UNIT ( ) );
#2384 = EDGE_CURVE ( 'NONE', #302, #2545, #227, .T. ) ;
#2385 = ORIENTED_EDGE ( 'NONE', *, *, #1031, .T. ) ;
#2386 = CARTESIAN_POINT ( 'NONE',  ( -1.079118999999999939, 0.4403637236339115191, 1.149999999999999911 ) ) ;
#2387 = DIRECTION ( 'NONE',  ( -1.224646799147351975E-16, 0.000000000000000000, -1.000000000000000000 ) ) ;
#2388 = LINE ( 'NONE', #240, #313 ) ;
#2389 = LINE ( 'NONE', #761, #2415 ) ;
#2390 = ORIENTED_EDGE ( 'NONE', *, *, #651, .F. ) ;
#2391 = ORIENTED_EDGE ( 'NONE', *, *, #1996, .F. ) ;
#2392 = ORIENTED_EDGE ( 'NONE', *, *, #1027, .T. ) ;
#2393 = DIRECTION ( 'NONE',  ( 1.000000000000000000, 0.000000000000000000, -1.224646799147351975E-16 ) ) ;
#2394 = EDGE_CURVE ( 'NONE', #1202, #1141, #1697, .T. ) ;
#2395 =( LENGTH_UNIT ( ) NAMED_UNIT ( * ) SI_UNIT ( .MILLI., .METRE. ) );
#2396 = CARTESIAN_POINT ( 'NONE',  ( -0.6526243516960540392, 1.100000000000014078, -1.487500000000000044 ) ) ;
#2397 = VERTEX_POINT ( 'NONE', #2186 ) ;
#2398 = EDGE_CURVE ( 'NONE', #173, #2217, #2579, .T. ) ;
#2399 = CARTESIAN_POINT ( 'NONE',  ( -0.6740590742599109619, 0.4950000000000160383, 0.2000000000000000111 ) ) ;
#2400 = DIRECTION ( 'NONE',  ( -0.9961946980917462113, -0.08715574274764970042, 1.219986648345620179E-16 ) ) ;
#2401 = CARTESIAN_POINT ( 'NONE',  ( 0.8101929663054270314, 0.6750000000000000444, 1.149999999999999911 ) ) ;
#2402 = DIRECTION ( 'NONE',  ( 6.834509128875590854E-15, 1.000000000000000000, -7.888609052210119806E-31 ) ) ;
#2403 = CARTESIAN_POINT ( 'NONE',  ( 0.9101929663054247888, 0.4949999999999996625, 0.1999999999999999833 ) ) ;
#2404 = VERTEX_POINT ( 'NONE', #1578 ) ;
#2405 = ORIENTED_EDGE ( 'NONE', *, *, #609, .T. ) ;
#2406 = AXIS2_PLACEMENT_3D ( 'NONE', #549, #1220, #1207 ) ;
#2407 = CARTESIAN_POINT ( 'NONE',  ( -0.1898070336945729963, 1.050000000000011813, -1.137499999999999956 ) ) ;
#2408 = AXIS2_PLACEMENT_3D ( 'NONE', #1876, #2321, #2124 ) ;
#2409 = STYLED_ITEM ( 'NONE', ( #330 ), #1848 ) ;
#2410 =( NAMED_UNIT ( * ) SI_UNIT ( $, .STERADIAN. ) SOLID_ANGLE_UNIT ( ) );
#2411 = SURFACE_STYLE_FILL_AREA ( #1983 ) ;
#2412 = CARTESIAN_POINT ( 'NONE',  ( -0.3398070336945729908, 1.100000000000012079, -1.137499999999999956 ) ) ;
#2413 = AXIS2_PLACEMENT_3D ( 'NONE', #1359, #253, #2025 ) ;
#2414 = EDGE_CURVE ( 'NONE', #301, #1196, #258, .T. ) ;
#2415 = VECTOR ( 'NONE', #1137, 1000.000000000000000 ) ;
#2416 = ORIENTED_EDGE ( 'NONE', *, *, #913, .F. ) ;
#2417 = PRESENTATION_LAYER_ASSIGNMENT (  '', '', ( #450 ) ) ;
#2418 = DIRECTION ( 'NONE',  ( 1.000000000000000000, -6.945399386795264921E-15, 0.000000000000000000 ) ) ;
#2419 = PLANE ( 'NONE',  #2334 ) ;
#2420 = FACE_OUTER_BOUND ( 'NONE', #339, .T. ) ;
#2421 = ADVANCED_FACE ( 'NONE', ( #2213 ), #234, .T. ) ;
#2422 = EDGE_CURVE ( 'NONE', #189, #767, #2472, .T. ) ;
#2423 = DIRECTION ( 'NONE',  ( 7.228014483236699908E-15, 1.000000000000000000, -7.888609052210119806E-31 ) ) ;
#2424 = LINE ( 'NONE', #241, #179 ) ;
#2425 = VERTEX_POINT ( 'NONE', #1551 ) ;
#2426 = ORIENTED_EDGE ( 'NONE', *, *, #477, .F. ) ;
#2427 = AXIS2_PLACEMENT_3D ( 'NONE', #2429, #1350, #2239 ) ;
#2428 = VECTOR ( 'NONE', #379, 1000.000000000000000 ) ;
#2429 = CARTESIAN_POINT ( 'NONE',  ( -1.113305377423875919, 0.01625658550411205119, 0.2000000000000000111 ) ) ;
#2430 =( NAMED_UNIT ( * ) SI_UNIT ( $, .STERADIAN. ) SOLID_ANGLE_UNIT ( ) );
#2431 = DIRECTION ( 'NONE',  ( -0.08715574274767619312, -0.9961946980917438799, 1.067350013832511832E-17 ) ) ;
#2432 = ORIENTED_EDGE ( 'NONE', *, *, #56, .T. ) ;
#2433 = DIRECTION ( 'NONE',  ( -1.000000000000000000, 6.945399386795264921E-15, 0.000000000000000000 ) ) ;
#2434 = LINE ( 'NONE', #530, #181 ) ;
#2435 = CARTESIAN_POINT ( 'NONE',  ( 1.233691310034715771, 0.01625658550409600153, -0.7500000000000000000 ) ) ;
#2436 = ADVANCED_FACE ( 'NONE', ( #1564 ), #1806, .F. ) ;
#2437 = CARTESIAN_POINT ( 'NONE',  ( -0.8444827236338939835, 0.4950000000000170375, -0.7500000000000000000 ) ) ;
#2438 = CARTESIAN_POINT ( 'NONE',  ( 0.9648686562447440496, 0.6750000000000000444, -1.125000000000000000 ) ) ;
#2439 = ORIENTED_EDGE ( 'NONE', *, *, #798, .T. ) ;
#2440 = ORIENTED_EDGE ( 'NONE', *, *, #554, .T. ) ;
#2441 = DIRECTION ( 'NONE',  ( -1.224646799147351975E-16, 0.000000000000000000, -1.000000000000000000 ) ) ;
#2442 = CARTESIAN_POINT ( 'NONE',  ( 0.000000000000000000, 0.000000000000000000, 0.000000000000000000 ) ) ;
#2443 = FACE_OUTER_BOUND ( 'NONE', #536, .T. ) ;
#2444 = ORIENTED_EDGE ( 'NONE', *, *, #2112, .F. ) ;
#2445 = DIRECTION ( 'NONE',  ( 0.000000000000000000, -1.399777696666560032E-15, -1.000000000000000000 ) ) ;
#2446 = LINE ( 'NONE', #2689, #1047 ) ;
#2447 = DIRECTION ( 'NONE',  ( -1.224646799147351975E-16, 0.000000000000000000, -1.000000000000000000 ) ) ;
#2448 = FACE_OUTER_BOUND ( 'NONE', #1212, .T. ) ;
#2449 = DIRECTION ( 'NONE',  ( 1.000000000000000000, -6.834509128875590854E-15, -1.224646799147351975E-16 ) ) ;
#2450 = ORIENTED_EDGE ( 'NONE', *, *, #2024, .T. ) ;
#2451 = ORIENTED_EDGE ( 'NONE', *, *, #374, .F. ) ;
#2452 = EDGE_CURVE ( 'NONE', #767, #1305, #892, .T. ) ;
#2453 = EDGE_LOOP ( 'NONE', ( #660, #1388, #1115, #2317 ) ) ;
#2454 = CYLINDRICAL_SURFACE ( 'NONE', #1240, 0.2346362763661054285 ) ;
#2455 = ADVANCED_FACE ( 'NONE', ( #706 ), #2454, .T. ) ;
#2456 = ORIENTED_EDGE ( 'NONE', *, *, #517, .F. ) ;
#2457 = VECTOR ( 'NONE', #2256, 1000.000000000000000 ) ;
#2458 = DIRECTION ( 'NONE',  ( 1.224646799147351975E-16, 0.000000000000000000, 1.000000000000000000 ) ) ;
#2459 = VECTOR ( 'NONE', #696, 1000.000000000000000 ) ;
#2460 = VECTOR ( 'NONE', #826, 1000.000000000000114 ) ;
#2461 = DIRECTION ( 'NONE',  ( -5.695424274063019989E-16, 1.000000000000000000, 0.000000000000000000 ) ) ;
#2462 = AXIS2_PLACEMENT_3D ( 'NONE', #1739, #841, #1707 ) ;
#2463 = DIRECTION ( 'NONE',  ( -1.000000000000000000, 6.931167183162754676E-15, 0.000000000000000000 ) ) ;
#2464 = CARTESIAN_POINT ( 'NONE',  ( 1.019504932610848069, 0.4403637236338985295, 0.7750000000000000222 ) ) ;
#2465 = AXIS2_PLACEMENT_3D ( 'NONE', #947, #85, #2009 ) ;
#2466 = VECTOR ( 'NONE', #2678, 1000.000000000000000 ) ;
#2467 = CARTESIAN_POINT ( 'NONE',  ( -1.314807033694578076, 0.1793150456565325013, -0.7500000000000000000 ) ) ;
#2468 = CARTESIAN_POINT ( 'NONE',  ( 1.254141208976950139, 0.2500000000000000000, 1.149999999999999911 ) ) ;
#2469 = ORIENTED_EDGE ( 'NONE', *, *, #1631, .T. ) ;
#2470 = VERTEX_POINT ( 'NONE', #480 ) ;
#2471 = ORIENTED_EDGE ( 'NONE', *, *, #182, .T. ) ;
#2472 = LINE ( 'NONE', #1779, #2200 ) ;
#2473 = AXIS2_PLACEMENT_3D ( 'NONE', #2682, #2226, #2201 ) ;
#2474 = CIRCLE ( 'NONE', #2341, 0.05463627636610561555 ) ;
#2475 = ORIENTED_EDGE ( 'NONE', *, *, #575, .T. ) ;
#2476 = EDGE_CURVE ( 'NONE', #2288, #2281, #1143, .T. ) ;
#2477 = EDGE_CURVE ( 'NONE', #1593, #2223, #2570, .T. ) ;
#2478 = PLANE ( 'NONE',  #906 ) ;
#2479 = CARTESIAN_POINT ( 'NONE',  ( 0.9101929663054261210, 0.6749999999999991562, -0.1749999999999999334 ) ) ;
#2480 = CARTESIAN_POINT ( 'NONE',  ( -1.133755276366106068, 0.2500000000000164868, -0.7500000000000000000 ) ) ;
#2481 = PLANE ( 'NONE',  #2465 ) ;
#2482 = DIRECTION ( 'NONE',  ( -5.907521358157999659E-45, -8.505661127838810674E-31, -1.000000000000000000 ) ) ;
#2483 = VERTEX_POINT ( 'NONE', #1365 ) ;
#2484 = ORIENTED_EDGE ( 'NONE', *, *, #1232, .T. ) ;
#2485 = CARTESIAN_POINT ( 'NONE',  ( -0.8444827236338948717, 0.4403637236339115191, -0.7500000000000000000 ) ) ;
#2486 = FACE_OUTER_BOUND ( 'NONE', #2031, .T. ) ;
#2487 = ORIENTED_EDGE ( 'NONE', *, *, #2366, .T. ) ;
#2488 = ORIENTED_EDGE ( 'NONE', *, *, #1631, .F. ) ;
#2489 = CARTESIAN_POINT ( 'NONE',  ( 0.9648686562447420512, 0.4403637236338990291, 1.149999999999999911 ) ) ;
#2490 = EDGE_CURVE ( 'NONE', #1376, #2739, #2014, .T. ) ;
#2491 = CARTESIAN_POINT ( 'NONE',  ( -0.6740590742599109619, 0.4950000000000160383, 0.7750000000000000222 ) ) ;
#2492 = DIRECTION ( 'NONE',  ( -0.9961946980917462113, -0.08715574274764970042, 1.219986648345620179E-16 ) ) ;
#2493 = EDGE_CURVE ( 'NONE', #753, #1810, #277, .T. ) ;
#2494 = CARTESIAN_POINT ( 'NONE',  ( -0.8444827236338939835, 0.4950000000000170375, 0.2000000000000000111 ) ) ;
#2495 = LINE ( 'NONE', #1153, #636 ) ;
#2496 = ORIENTED_EDGE ( 'NONE', *, *, #2422, .T. ) ;
#2497 = EDGE_LOOP ( 'NONE', ( #749, #2306, #1905, #942 ) ) ;
#2498 = SURFACE_SIDE_STYLE ('',( #956 ) ) ;
#2499 = CARTESIAN_POINT ( 'NONE',  ( -1.128993411118452084, 0.1955716311606264801, 0.2000000000000000111 ) ) ;
#2500 = ORIENTED_EDGE ( 'NONE', *, *, #1521, .F. ) ;
#2501 = ORIENTED_EDGE ( 'NONE', *, *, #1576, .F. ) ;
#2502 = UNCERTAINTY_MEASURE_WITH_UNIT (LENGTH_MEASURE( 1.000000000000000082E-05 ), #682, 'distance_accuracy_value', 'NONE');
#2503 = CARTESIAN_POINT ( 'NONE',  ( -0.6898070336945760772, 0.6750000000000160316, 0.7750000000000000222 ) ) ;
#2504 = CARTESIAN_POINT ( 'NONE',  ( -0.6898070336945750780, 0.6750000000000150324, -1.487500000000000044 ) ) ;
#2505 = ADVANCED_FACE ( 'NONE', ( #1156 ), #925, .F. ) ;
#2506 = CARTESIAN_POINT ( 'NONE',  ( 0.8101929663054239228, 0.6750000000000000444, -1.487500000000000044 ) ) ;
#2507 = AXIS2_PLACEMENT_3D ( 'NONE', #552, #1922, #2295 ) ;
#2508 = VECTOR ( 'NONE', #1053, 1000.000000000000000 ) ;
#2509 = COLOUR_RGB ( '',0.7921568627450980005, 0.8196078431372548767, 0.9333333333333333481 ) ;
#2510 = PRESENTATION_LAYER_ASSIGNMENT (  '', '', ( #2735 ) ) ;
#2511 = FACE_OUTER_BOUND ( 'NONE', #922, .T. ) ;
#2512 = ADVANCED_FACE ( 'NONE', ( #2671 ), #2030, .T. ) ;
#2513 = LINE ( 'NONE', #1041, #1052 ) ;
#2514 = ADVANCED_FACE ( 'NONE', ( #22 ), #2627, .F. ) ;
#2515 = VERTEX_POINT ( 'NONE', #1338 ) ;
#2516 = ORIENTED_EDGE ( 'NONE', *, *, #952, .T. ) ;
#2517 = CIRCLE ( 'NONE', #1955, 0.05463627636610561555 ) ;
#2518 = AXIS2_PLACEMENT_3D ( 'NONE', #366, #1664, #2120 ) ;
#2519 = ORIENTED_EDGE ( 'NONE', *, *, #1203, .F. ) ;
#2520 = SURFACE_SIDE_STYLE ('',( #2411 ) ) ;
#2521 = DIRECTION ( 'NONE',  ( -5.907521358157999659E-45, -8.505661127838810674E-31, -1.000000000000000000 ) ) ;
#2522 = ORIENTED_EDGE ( 'NONE', *, *, #931, .T. ) ;
#2523 = ORIENTED_EDGE ( 'NONE', *, *, #1366, .T. ) ;
#2524 = CARTESIAN_POINT ( 'NONE',  ( -0.8444827236338929843, 0.6750000000000170308, -0.7500000000000000000 ) ) ;
#2525 = ORIENTED_EDGE ( 'NONE', *, *, #124, .F. ) ;
#2526 = VECTOR ( 'NONE', #1900, 1000.000000000000000 ) ;
#2527 = CARTESIAN_POINT ( 'NONE',  ( 0.9648686562447420512, 0.4403637236338990291, -0.7500000000000000000 ) ) ;
#2528 = CARTESIAN_POINT ( 'NONE',  ( 1.199504932610844232, 0.2500000000000000000, -1.125000000000000000 ) ) ;
#2529 = CARTESIAN_POINT ( 'NONE',  ( -1.128993411118452084, 0.1955716311606264801, -1.125000000000000000 ) ) ;
#2530 = VERTEX_POINT ( 'NONE', #1597 ) ;
#2531 = ORIENTED_EDGE ( 'NONE', *, *, #1646, .F. ) ;
#2532 = EDGE_CURVE ( 'NONE', #1467, #2530, #1535, .T. ) ;
#2533 = ORIENTED_EDGE ( 'NONE', *, *, #295, .T. ) ;
#2534 = CARTESIAN_POINT ( 'NONE',  ( 0.8101929663054270314, 0.6750000000000000444, 0.7750000000000000222 ) ) ;
#2535 = CARTESIAN_POINT ( 'NONE',  ( -0.6740590742599109619, 0.4950000000000160383, 0.2000000000000000111 ) ) ;
#2536 = ORIENTED_EDGE ( 'NONE', *, *, #2112, .T. ) ;
#2537 = ADVANCED_FACE ( 'NONE', ( #1981 ), #1324, .F. ) ;
#2538 = LINE ( 'NONE', #1889, #186 ) ;
#2539 = PRODUCT ( 'NL17SZ125DTT1G', 'NL17SZ125DTT1G', '', ( #1296 ) ) ;
#2540 = CARTESIAN_POINT ( 'NONE',  ( -1.314807033694578076, 0.1793150456565325013, 1.149999999999999911 ) ) ;
#2541 = DIRECTION ( 'NONE',  ( 0.08715574274765885976, 0.9961946980917455452, -1.067350013832299363E-17 ) ) ;
#2542 = DIRECTION ( 'NONE',  ( -0.9961946980917462113, -0.08715574274764970042, 1.219986648345620179E-16 ) ) ;
#2543 = LINE ( 'NONE', #1892, #2823 ) ;
#2544 = EDGE_LOOP ( 'NONE', ( #764, #1567, #2444, #273 ) ) ;
#2545 = VERTEX_POINT ( 'NONE', #91 ) ;
#2546 = ORIENTED_EDGE ( 'NONE', *, *, #2585, .F. ) ;
#2547 = DIRECTION ( 'NONE',  ( 5.883335303827079825E-45, 8.488231705215440247E-31, 1.000000000000000000 ) ) ;
#2548 = ADVANCED_FACE ( 'NONE', ( #367 ), #1448, .F. ) ;
#2549 = DIRECTION ( 'NONE',  ( -1.224646799147351975E-16, 0.000000000000000000, -1.000000000000000000 ) ) ;
#2550 = EDGE_LOOP ( 'NONE', ( #1099, #1703, #1245, #1716 ) ) ;
#2551 = DIRECTION ( 'NONE',  ( -1.000000000000000000, 6.834509128875590854E-15, 0.000000000000000000 ) ) ;
#2552 = EDGE_CURVE ( 'NONE', #853, #117, #2114, .T. ) ;
#2553 = DIRECTION ( 'NONE',  ( -0.9961946980917449901, 0.08715574274766520191, 1.219986648345620179E-16 ) ) ;
#2554 = CARTESIAN_POINT ( 'NONE',  ( 1.019504932610848069, 0.4403637236338985295, -0.7500000000000000000 ) ) ;
#2555 = VECTOR ( 'NONE', #2775, 1000.000000000000000 ) ;
#2556 = AXIS2_PLACEMENT_3D ( 'NONE', #2046, #2706, #1568 ) ;
#2557 = CARTESIAN_POINT ( 'NONE',  ( 0.9648686562447420512, 0.4403637236338990291, -0.7500000000000000000 ) ) ;
#2558 = ORIENTED_EDGE ( 'NONE', *, *, #178, .T. ) ;
#2559 = AXIS2_PLACEMENT_3D ( 'NONE', #2774, #421, #871 ) ;
#2560 = ORIENTED_EDGE ( 'NONE', *, *, #2212, .T. ) ;
#2561 = DIRECTION ( 'NONE',  ( -5.907521358157999659E-45, -8.505661127838810674E-31, -1.000000000000000000 ) ) ;
#2562 = CARTESIAN_POINT ( 'NONE',  ( -0.6740590742599109619, 0.4950000000000160383, -0.7500000000000000000 ) ) ;
#2563 = VECTOR ( 'NONE', #443, 1000.000000000000000 ) ;
#2564 = ORIENTED_EDGE ( 'NONE', *, *, #56, .F. ) ;
#2565 = VECTOR ( 'NONE', #1192, 1000.000000000000000 ) ;
#2566 = DIRECTION ( 'NONE',  ( 1.155194530527123873E-16, 4.813852850567249583E-32, 1.000000000000000000 ) ) ;
#2567 = ADVANCED_FACE ( 'NONE', ( #2486 ), #121, .F. ) ;
#2568 = CARTESIAN_POINT ( 'NONE',  ( -0.8991190000000000015, 0.4403637236339115191, 1.149999999999999911 ) ) ;
#2569 = DIRECTION ( 'NONE',  ( -1.000000000000000000, 6.834509128875590854E-15, 0.000000000000000000 ) ) ;
#2570 = CIRCLE ( 'NONE', #2473, 0.2346362763661054285 ) ;
#2571 = LINE ( 'NONE', #316, #2825 ) ;
#2572 = AXIS2_PLACEMENT_3D ( 'NONE', #657, #1302, #687 ) ;
#2573 = DIRECTION ( 'NONE',  ( -1.423856068515750146E-14, -1.000000000000000000, 0.000000000000000000 ) ) ;
#2574 = ORIENTED_EDGE ( 'NONE', *, *, #72, .F. ) ;
#2575 = MECHANICAL_DESIGN_GEOMETRIC_PRESENTATION_REPRESENTATION (  '', ( #737 ), #1926 ) ;
#2576 = ORIENTED_EDGE ( 'NONE', *, *, #516, .T. ) ;
#2577 = DIRECTION ( 'NONE',  ( -1.000000000000000000, 7.228014483236698330E-15, 0.000000000000000000 ) ) ;
#2578 = EDGE_LOOP ( 'NONE', ( #1113, #1341, #2484, #1642 ) ) ;
#2579 = LINE ( 'NONE', #615, #1735 ) ;
#2580 = LINE ( 'NONE', #2827, #594 ) ;
#2581 = EDGE_CURVE ( 'NONE', #2251, #1444, #584, .T. ) ;
#2582 = CARTESIAN_POINT ( 'NONE',  ( 1.199504932610848007, 0.4403637236338955319, 1.149999999999999911 ) ) ;
#2583 = FACE_OUTER_BOUND ( 'NONE', #1746, .T. ) ;
#2584 = ORIENTED_EDGE ( 'NONE', *, *, #1964, .T. ) ;
#2585 = EDGE_CURVE ( 'NONE', #2070, #454, #525, .T. ) ;
#2586 = DIRECTION ( 'NONE',  ( -1.000000000000000000, 0.000000000000000000, 1.224646799147351975E-16 ) ) ;
#2587 = ORIENTED_EDGE ( 'NONE', *, *, #1899, .T. ) ;
#2588 = DIRECTION ( 'NONE',  ( -1.224646799147351975E-16, 0.000000000000000000, -1.000000000000000000 ) ) ;
#2589 = FACE_OUTER_BOUND ( 'NONE', #1577, .T. ) ;
#2590 = CARTESIAN_POINT ( 'NONE',  ( -1.128993411118452084, 0.1955716311606264801, 0.2000000000000000111 ) ) ;
#2591 = CARTESIAN_POINT ( 'NONE',  ( -1.113305377423875919, 0.01625658550411205119, -0.7500000000000000000 ) ) ;
#2592 = LINE ( 'NONE', #1543, #951 ) ;
#2593 = EDGE_CURVE ( 'NONE', #2779, #1678, #1969, .T. ) ;
#2594 = ADVANCED_FACE ( 'NONE', ( #2089 ), #1243, .F. ) ;
#2595 = DIRECTION ( 'NONE',  ( 3.017425608596270344E-15, 1.000000000000000000, -3.214029937021935333E-31 ) ) ;
#2596 = DIRECTION ( 'NONE',  ( 7.888609052210119806E-31, -1.000000000000000000, -4.812506762107419705E-32 ) ) ;
#2597 = EDGE_LOOP ( 'NONE', ( #2673, #979, #1298, #648 ) ) ;
#2598 = CIRCLE ( 'NONE', #127, 0.1499999999999999667 ) ;
#2599 = VECTOR ( 'NONE', #1726, 1000.000000000000000 ) ;
#2600 = EDGE_LOOP ( 'NONE', ( #1347, #1863, #1621, #180 ) ) ;
#2601 = DIRECTION ( 'NONE',  ( 0.9961946980917465444, 0.08715574274764634199, -1.219986648345621412E-16 ) ) ;
#2602 = VECTOR ( 'NONE', #2127, 1000.000000000000000 ) ;
#2603 = AXIS2_PLACEMENT_3D ( 'NONE', #569, #1654, #1886 ) ;
#2604 = CARTESIAN_POINT ( 'NONE',  ( 1.435192966305421924, 0.1793150456565134887, -0.7500000000000000000 ) ) ;
#2605 = LINE ( 'NONE', #2174, #1005 ) ;
#2606 = ORIENTED_EDGE ( 'NONE', *, *, #1475, .T. ) ;
#2607 = ORIENTED_EDGE ( 'NONE', *, *, #1944, .T. ) ;
#2608 = LINE ( 'NONE', #2800, #1866 ) ;
#2609 = DIRECTION ( 'NONE',  ( 7.228014483236699908E-15, 1.000000000000000000, -7.888609052210119806E-31 ) ) ;
#2610 = VECTOR ( 'NONE', #1392, 1000.000000000000000 ) ;
#2611 = CARTESIAN_POINT ( 'NONE',  ( -0.4898070336945729575, 1.050000000000014033, -1.137499999999999956 ) ) ;
#2612 = CARTESIAN_POINT ( 'NONE',  ( -0.8991190000000000015, 0.4403637236339115191, -0.7500000000000000000 ) ) ;
#2613 = ORIENTED_EDGE ( 'NONE', *, *, #1456, .F. ) ;
#2614 = EDGE_CURVE ( 'NONE', #2071, #109, #2474, .T. ) ;
#2615 = CARTESIAN_POINT ( 'NONE',  ( 0.8101929663054270314, 0.6750000000000000444, 0.2000000000000000111 ) ) ;
#2616 = ADVANCED_FACE ( 'NONE', ( #1423 ), #2266, .F. ) ;
#2617 = CARTESIAN_POINT ( 'NONE',  ( 0.8101929663054260322, 0.6750000000000000444, -0.1749999999999999889 ) ) ;
#2618 = DIRECTION ( 'NONE',  ( 1.000000000000000000, -3.017425608596270344E-15, -1.224646799147351975E-16 ) ) ;
#2619 = DIRECTION ( 'NONE',  ( -5.907521358157999659E-45, -8.505661127838810674E-31, -1.000000000000000000 ) ) ;
#2620 = CARTESIAN_POINT ( 'NONE',  ( 0.8101929663054260322, 0.6750000000000000444, -0.1749999999999999889 ) ) ;
#2621 = CARTESIAN_POINT ( 'NONE',  ( -0.8444827236338939835, 0.4950000000000170375, 1.149999999999999911 ) ) ;
#2622 = CYLINDRICAL_SURFACE ( 'NONE', #136, 0.05463627636610561555 ) ;
#2623 = VERTEX_POINT ( 'NONE', #2535 ) ;
#2624 = ORIENTED_EDGE ( 'NONE', *, *, #1144, .T. ) ;
#2625 = VERTEX_POINT ( 'NONE', #107 ) ;
#2626 = ADVANCED_FACE ( 'NONE', ( #75 ), #1622, .F. ) ;
#2627 = CYLINDRICAL_SURFACE ( 'NONE', #274, 0.05463627636610561555 ) ;
#2628 = ADVANCED_FACE ( 'NONE', ( #322 ), #2331, .T. ) ;
#2629 = PRODUCT_DEFINITION ( 'UNKNOWN', '', #2791, #498 ) ;
#2630 = PRESENTATION_STYLE_ASSIGNMENT (( #336 ) ) ;
#2631 = DIRECTION ( 'NONE',  ( -1.000000000000000000, 6.834509128875590854E-15, 1.224646799147351975E-16 ) ) ;
#2632 = EDGE_LOOP ( 'NONE', ( #1752, #1995, #1502, #709 ) ) ;
#2633 = CARTESIAN_POINT ( 'NONE',  ( 0.9648686562447440496, 0.6750000000000000444, 0.7750000000000000222 ) ) ;
#2634 = CARTESIAN_POINT ( 'NONE',  ( -0.6740590742599109619, 0.4950000000000160383, 0.2000000000000000111 ) ) ;
#2635 = PLANE ( 'NONE',  #2019 ) ;
#2636 = LINE ( 'NONE', #2621, #1319 ) ;
#2637 = LINE ( 'NONE', #214, #909 ) ;
#2638 = ORIENTED_EDGE ( 'NONE', *, *, #2126, .T. ) ;
#2639 = ORIENTED_EDGE ( 'NONE', *, *, #991, .T. ) ;
#2640 = VERTEX_POINT ( 'NONE', #1436 ) ;
#2641 = VECTOR ( 'NONE', #2139, 1000.000000000000114 ) ;
#2642 = DIRECTION ( 'NONE',  ( -1.000000000000000000, 6.931167183162754676E-15, 0.000000000000000000 ) ) ;
#2643 = CIRCLE ( 'NONE', #1407, 0.2346362763661055395 ) ;
#2644 = VECTOR ( 'NONE', #1182, 1000.000000000000000 ) ;
#2645 = CARTESIAN_POINT ( 'NONE',  ( -1.299119000000000135, 1.851004289445749798E-14, 0.2000000000000000111 ) ) ;
#2646 = VECTOR ( 'NONE', #902, 1000.000000000000000 ) ;
#2647 = VECTOR ( 'NONE', #2767, 1000.000000000000000 ) ;
#2648 = EDGE_CURVE ( 'NONE', #2288, #1853, #559, .T. ) ;
#2649 = VECTOR ( 'NONE', #2195, 1000.000000000000000 ) ;
#2650 = DIRECTION ( 'NONE',  ( 1.000000000000000000, -6.834509128875590854E-15, -1.224646799147351975E-16 ) ) ;
#2651 = CARTESIAN_POINT ( 'NONE',  ( 0.9648686562447420512, 0.4403637236338990291, -0.7500000000000000000 ) ) ;
#2652 = LINE ( 'NONE', #200, #2428 ) ;
#2653 = EDGE_CURVE ( 'NONE', #173, #189, #1201, .T. ) ;
#2654 = CARTESIAN_POINT ( 'NONE',  ( 1.435192966305421924, 0.1793150456565134887, -0.7500000000000000000 ) ) ;
#2655 = CARTESIAN_POINT ( 'NONE',  ( -1.133755276366106068, 0.2500000000000164868, 0.2000000000000000111 ) ) ;
#2656 = ORIENTED_EDGE ( 'NONE', *, *, #2258, .F. ) ;
#2657 = VERTEX_POINT ( 'NONE', #958 ) ;
#2658 = ORIENTED_EDGE ( 'NONE', *, *, #244, .F. ) ;
#2659 = CIRCLE ( 'NONE', #2704, 0.05463627636610561555 ) ;
#2660 = DIRECTION ( 'NONE',  ( -1.224646799147351975E-16, 0.000000000000000000, -1.000000000000000000 ) ) ;
#2661 = DIRECTION ( 'NONE',  ( 1.000000000000000000, -6.834509128875590854E-15, 0.000000000000000000 ) ) ;
#2662 = CARTESIAN_POINT ( 'NONE',  ( -0.6740590742599109619, 0.4950000000000160383, -0.7500000000000000000 ) ) ;
#2663 = EDGE_CURVE ( 'NONE', #151, #318, #1665, .T. ) ;
#2664 = LINE ( 'NONE', #711, #396 ) ;
#2665 = CARTESIAN_POINT ( 'NONE',  ( -0.8991190000000000015, 0.2500000000000164868, 1.149999999999999911 ) ) ;
#2666 = FACE_OUTER_BOUND ( 'NONE', #64, .T. ) ;
#2667 = DIRECTION ( 'NONE',  ( -5.907521358157999659E-45, -8.505661127838810674E-31, -1.000000000000000000 ) ) ;
#2668 = EDGE_CURVE ( 'NONE', #534, #1593, #1855, .T. ) ;
#2669 = EDGE_LOOP ( 'NONE', ( #105, #87, #999, #785 ) ) ;
#2670 = ORIENTED_EDGE ( 'NONE', *, *, #112, .F. ) ;
#2671 = FACE_OUTER_BOUND ( 'NONE', #2600, .T. ) ;
#2672 = ORIENTED_EDGE ( 'NONE', *, *, #1216, .F. ) ;
#2673 = ORIENTED_EDGE ( 'NONE', *, *, #1600, .T. ) ;
#2674 = DIRECTION ( 'NONE',  ( 5.883335303827079825E-45, 8.488231705215440247E-31, 1.000000000000000000 ) ) ;
#2675 = CARTESIAN_POINT ( 'NONE',  ( -1.128993411118452084, 0.1955716311606264801, 0.2000000000000000111 ) ) ;
#2676 = DIRECTION ( 'NONE',  ( 0.000000000000000000, 1.399777696666059894E-15, -1.000000000000000000 ) ) ;
#2677 = CARTESIAN_POINT ( 'NONE',  ( 0.8101929663054220354, 0.1000000000000048073, 1.462194018472595891 ) ) ;
#2678 = DIRECTION ( 'NONE',  ( -1.224646799147351975E-16, 0.000000000000000000, -1.000000000000000000 ) ) ;
#2679 = ORIENTED_EDGE ( 'NONE', *, *, #2024, .F. ) ;
#2680 = ORIENTED_EDGE ( 'NONE', *, *, #2716, .F. ) ;
#2681 = ORIENTED_EDGE ( 'NONE', *, *, #2340, .T. ) ;
#2682 = CARTESIAN_POINT ( 'NONE',  ( -1.133755276366106068, 0.2500000000000164868, -1.125000000000000000 ) ) ;
#2683 = ORIENTED_EDGE ( 'NONE', *, *, #1348, .F. ) ;
#2684 = AXIS2_PLACEMENT_3D ( 'NONE', #2205, #1797, #2445 ) ;
#2685 = CARTESIAN_POINT ( 'NONE',  ( 0.9648686562447420512, 0.4403637236338990291, 1.149999999999999911 ) ) ;
#2686 = MECHANICAL_DESIGN_GEOMETRIC_PRESENTATION_REPRESENTATION (  '', ( #2409 ), #174 ) ;
#2687 = DIRECTION ( 'NONE',  ( -1.000000000000000000, 6.834509128875590854E-15, 1.224646799147351975E-16 ) ) ;
#2688 = VECTOR ( 'NONE', #4, 1000.000000000000000 ) ;
#2689 = CARTESIAN_POINT ( 'NONE',  ( 1.199504932610844232, 0.2500000000000000000, -0.7500000000000000000 ) ) ;
#2690 = VECTOR ( 'NONE', #2235, 1000.000000000000000 ) ;
#2691 = AXIS2_PLACEMENT_3D ( 'NONE', #2035, #932, #2676 ) ;
#2692 = CARTESIAN_POINT ( 'NONE',  ( 1.199504932610848007, 0.4403637236338955319, -0.7500000000000000000 ) ) ;
#2693 = CARTESIAN_POINT ( 'NONE',  ( 0.8101929663054270314, 0.6750000000000000444, 0.7750000000000000222 ) ) ;
#2694 = VERTEX_POINT ( 'NONE', #886 ) ;
#2695 = ORIENTED_EDGE ( 'NONE', *, *, #1556, .F. ) ;
#2696 = FILL_AREA_STYLE_COLOUR ( '', #1871 ) ;
#2697 = ADVANCED_FACE ( 'NONE', ( #1529 ), #1974, .T. ) ;
#2698 = CARTESIAN_POINT ( 'NONE',  ( -1.113305377423875919, 0.01625658550411205119, -0.7500000000000000000 ) ) ;
#2699 = AXIS2_PLACEMENT_3D ( 'NONE', #97, #1625, #1453 ) ;
#2700 = AXIS2_PLACEMENT_3D ( 'NONE', #1870, #2286, #2315 ) ;
#2701 = VERTEX_POINT ( 'NONE', #1090 ) ;
#2702 = DIRECTION ( 'NONE',  ( -0.9961946980917461003, -0.08715574274765160168, 1.219986648345619933E-16 ) ) ;
#2703 = ADVANCED_FACE ( 'NONE', ( #439 ), #2635, .F. ) ;
#2704 = AXIS2_PLACEMENT_3D ( 'NONE', #1515, #2196, #1 ) ;
#2705 = ORIENTED_EDGE ( 'NONE', *, *, #353, .F. ) ;
#2706 = DIRECTION ( 'NONE',  ( 0.08715574274766003937, 0.9961946980917454342, -1.067350013832313692E-17 ) ) ;
#2707 = CARTESIAN_POINT ( 'NONE',  ( -1.133755276366106068, 0.2500000000000164868, 0.7750000000000000222 ) ) ;
#2708 = DIRECTION ( 'NONE',  ( -1.224646799147351975E-16, 0.000000000000000000, -1.000000000000000000 ) ) ;
#2709 = FACE_OUTER_BOUND ( 'NONE', #797, .T. ) ;
#2710 = VERTEX_POINT ( 'NONE', #427 ) ;
#2711 = EDGE_LOOP ( 'NONE', ( #2011, #707, #2064, #2040 ) ) ;
#2712 = DIRECTION ( 'NONE',  ( -0.08715574274766302310, -0.9961946980917452121, 1.067350013832352211E-17 ) ) ;
#2713 = ORIENTED_EDGE ( 'NONE', *, *, #880, .T. ) ;
#2714 = EDGE_CURVE ( 'NONE', #2371, #2739, #239, .T. ) ;
#2715 = CARTESIAN_POINT ( 'NONE',  ( 1.249379343729295933, 0.1955716311606099933, -1.125000000000000000 ) ) ;
#2716 = EDGE_CURVE ( 'NONE', #2075, #1561, #1316, .T. ) ;
#2717 = PRODUCT_RELATED_PRODUCT_CATEGORY ( 'part', '', ( #2539 ) ) ;
#2718 = CARTESIAN_POINT ( 'NONE',  ( -0.6395010521671720127, 0.1000000000000146050, -1.437194018472590207 ) ) ;
#2719 = LINE ( 'NONE', #2506, #1679 ) ;
#2720 = DIRECTION ( 'NONE',  ( -5.907521358157999659E-45, -8.505661127838810674E-31, -1.000000000000000000 ) ) ;
#2721 = DIRECTION ( 'NONE',  ( -5.907521358157999659E-45, -8.505661127838810674E-31, -1.000000000000000000 ) ) ;
#2722 = ORIENTED_EDGE ( 'NONE', *, *, #2225, .F. ) ;
#2723 = ORIENTED_EDGE ( 'NONE', *, *, #573, .T. ) ;
#2724 = ORIENTED_EDGE ( 'NONE', *, *, #456, .T. ) ;
#2725 = DIRECTION ( 'NONE',  ( -5.883335303827079825E-45, -8.488231705215440247E-31, -1.000000000000000000 ) ) ;
#2726 = CARTESIAN_POINT ( 'NONE',  ( -0.8444827236338948717, 0.4403637236339115191, 1.149999999999999911 ) ) ;
#2727 = ORIENTED_EDGE ( 'NONE', *, *, #994, .F. ) ;
#2728 = ORIENTED_EDGE ( 'NONE', *, *, #2283, .T. ) ;
#2729 = CARTESIAN_POINT ( 'NONE',  ( -0.8444827236338929843, 0.6750000000000170308, -1.125000000000000000 ) ) ;
#2730 = ORIENTED_EDGE ( 'NONE', *, *, #1127, .T. ) ;
#2731 = DIRECTION ( 'NONE',  ( 0.9961946980917461003, 0.08715574274765160168, -6.980394413090225738E-16 ) ) ;
#2732 = EDGE_CURVE ( 'NONE', #2140, #2470, #2652, .T. ) ;
#2733 = AXIS2_PLACEMENT_3D ( 'NONE', #1342, #518, #483 ) ;
#2734 = MECHANICAL_DESIGN_GEOMETRIC_PRESENTATION_REPRESENTATION (  '', ( #2007 ), #2822 ) ;
#2735 = STYLED_ITEM ( 'NONE', ( #2630 ), #978 ) ;
#2736 = DIRECTION ( 'NONE',  ( 1.000000000000000000, -6.945399386795264921E-15, 0.000000000000000000 ) ) ;
#2737 = PLANE ( 'NONE',  #314 ) ;
#2738 = ORIENTED_EDGE ( 'NONE', *, *, #1858, .F. ) ;
#2739 = VERTEX_POINT ( 'NONE', #2121 ) ;
#2740 = VECTOR ( 'NONE', #2542, 1000.000000000000114 ) ;
#2741 = VECTOR ( 'NONE', #2236, 1000.000000000000000 ) ;
#2742 = ORIENTED_EDGE ( 'NONE', *, *, #2552, .T. ) ;
#2743 = CARTESIAN_POINT ( 'NONE',  ( 0.9648686562447420512, 0.4403637236338990291, -1.125000000000000000 ) ) ;
#2744 = CARTESIAN_POINT ( 'NONE',  ( 1.249379343729295933, 0.1955716311606099933, 1.149999999999999911 ) ) ;
#2745 = ORIENTED_EDGE ( 'NONE', *, *, #1254, .T. ) ;
#2746 = LINE ( 'NONE', #2319, #357 ) ;
#2747 = AXIS2_PLACEMENT_3D ( 'NONE', #62, #1994, #512 ) ;
#2748 = FACE_OUTER_BOUND ( 'NONE', #1967, .T. ) ;
#2749 = SURFACE_STYLE_FILL_AREA ( #2292 ) ;
#2750 = AXIS2_PLACEMENT_3D ( 'NONE', #796, #751, #1183 ) ;
#2751 = EDGE_CURVE ( 'NONE', #1630, #256, #2348, .T. ) ;
#2752 = CARTESIAN_POINT ( 'NONE',  ( 0.9101929663054247888, 0.4949999999999995515, -0.1749999999999999334 ) ) ;
#2753 = CYLINDRICAL_SURFACE ( 'NONE', #1142, 0.1499999999999999667 ) ;
#2754 = ORIENTED_EDGE ( 'NONE', *, *, #112, .T. ) ;
#2755 = ORIENTED_EDGE ( 'NONE', *, *, #2422, .F. ) ;
#2756 = EDGE_CURVE ( 'NONE', #272, #585, #2659, .T. ) ;
#2757 = ORIENTED_EDGE ( 'NONE', *, *, #1265, .T. ) ;
#2758 = CARTESIAN_POINT ( 'NONE',  ( 0.7944450068707570312, 0.4949999999999999956, 0.2000000000000000111 ) ) ;
#2759 = DIRECTION ( 'NONE',  ( -0.9961946980917462113, -0.08715574274764970042, 1.219986648345620179E-16 ) ) ;
#2760 = VERTEX_POINT ( 'NONE', #2814 ) ;
#2761 = CARTESIAN_POINT ( 'NONE',  ( -1.128993411118452084, 0.1955716311606264801, 0.7750000000000000222 ) ) ;
#2762 = DIRECTION ( 'NONE',  ( -1.224646799147351975E-16, 0.000000000000000000, -1.000000000000000000 ) ) ;
#2763 = PRESENTATION_STYLE_ASSIGNMENT (( #1470 ) ) ;
#2764 = CARTESIAN_POINT ( 'NONE',  ( 1.019504932610844072, 0.2500000000000035527, 0.7750000000000000222 ) ) ;
#2765 = CARTESIAN_POINT ( 'NONE',  ( 1.199504932610844232, 0.2500000000000000000, 0.7750000000000000222 ) ) ;
#2766 = ORIENTED_EDGE ( 'NONE', *, *, #1786, .F. ) ;
#2767 = DIRECTION ( 'NONE',  ( 1.000000000000000000, -6.834509128875590854E-15, -4.115852592442034738E-16 ) ) ;
#2768 = CARTESIAN_POINT ( 'NONE',  ( -0.8991190000000000015, 0.4403637236339115191, 0.2000000000000000111 ) ) ;
#2769 = EDGE_LOOP ( 'NONE', ( #2344, #2224, #2084, #203 ) ) ;
#2770 = EDGE_CURVE ( 'NONE', #1494, #2545, #472, .T. ) ;
#2771 = ADVANCED_FACE ( 'NONE', ( #2420 ), #2180, .F. ) ;
#2772 = MANIFOLD_SOLID_BREP ( 'NONE', #403 ) ;
#2773 = FACE_OUTER_BOUND ( 'NONE', #73, .T. ) ;
#2774 = CARTESIAN_POINT ( 'NONE',  ( 1.019504932610848069, 0.4403637236338985295, -0.7500000000000000000 ) ) ;
#2775 = DIRECTION ( 'NONE',  ( -1.224646799147351975E-16, 0.000000000000000000, -1.000000000000000000 ) ) ;
#2776 = DIRECTION ( 'NONE',  ( -1.000000000000000000, 6.931167183162754676E-15, 1.155194530527125845E-16 ) ) ;
#2777 = AXIS2_PLACEMENT_3D ( 'NONE', #2830, #2153, #642 ) ;
#2778 = CARTESIAN_POINT ( 'NONE',  ( 1.019504932610848069, 0.4403637236338985295, 1.149999999999999911 ) ) ;
#2779 = VERTEX_POINT ( 'NONE', #2768 ) ;
#2780 = VERTEX_POINT ( 'NONE', #2620 ) ;
#2781 = VECTOR ( 'NONE', #1136, 1000.000000000000000 ) ;
#2782 = AXIS2_PLACEMENT_3D ( 'NONE', #1802, #1589, #985 ) ;
#2783 = ORIENTED_EDGE ( 'NONE', *, *, #689, .T. ) ;
#2784 = ADVANCED_FACE ( 'NONE', ( #1255 ), #459, .F. ) ;
#2785 = PLANE ( 'NONE',  #1149 ) ;
#2786 = ADVANCED_FACE ( 'NONE', ( #899 ), #1356, .F. ) ;
#2787 = CARTESIAN_POINT ( 'NONE',  ( 1.019504932610848069, 0.4403637236338985295, -0.7500000000000000000 ) ) ;
#2788 = FILL_AREA_STYLE ('',( #196 ) ) ;
#2789 = AXIS2_PLACEMENT_3D ( 'NONE', #290, #1749, #1793 ) ;
#2790 = CARTESIAN_POINT ( 'NONE',  ( 0.8101929663054260322, 0.6750000000000000444, 1.512499999999999956 ) ) ;
#2791 = PRODUCT_DEFINITION_FORMATION_WITH_SPECIFIED_SOURCE ( 'ANY', '', #2539, .NOT_KNOWN. ) ;
#2792 = FACE_OUTER_BOUND ( 'NONE', #1055, .T. ) ;
#2793 = PLANE ( 'NONE',  #1773 ) ;
#2794 = LINE ( 'NONE', #2534, #37 ) ;
#2795 = VERTEX_POINT ( 'NONE', #2665 ) ;
#2796 = CARTESIAN_POINT ( 'NONE',  ( -0.8444827236338948717, 0.4403637236339115191, 1.149999999999999911 ) ) ;
#2797 = DIRECTION ( 'NONE',  ( 1.000000000000000000, -6.945399386795264921E-15, 0.000000000000000000 ) ) ;
#2798 = EDGE_CURVE ( 'NONE', #1170, #904, #1584, .T. ) ;
#2799 = EDGE_CURVE ( 'NONE', #454, #2356, #830, .T. ) ;
#2800 = CARTESIAN_POINT ( 'NONE',  ( -0.8991190000000000015, 0.4403637236339115191, -0.1749999999999999889 ) ) ;
#2801 = LINE ( 'NONE', #397, #2048 ) ;
#2802 = VERTEX_POINT ( 'NONE', #2464 ) ;
#2803 = CARTESIAN_POINT ( 'NONE',  ( -0.8444827236338948717, 0.4403637236339115191, 0.2000000000000000111 ) ) ;
#2804 = CARTESIAN_POINT ( 'NONE',  ( 1.249379343729295933, 0.1955716311606104929, -0.7500000000000000000 ) ) ;
#2805 = ORIENTED_EDGE ( 'NONE', *, *, #2552, .F. ) ;
#2806 = EDGE_LOOP ( 'NONE', ( #1808, #1519, #555, #92 ) ) ;
#2807 = DIRECTION ( 'NONE',  ( -1.000000000000000000, 7.228014483236698330E-15, 0.000000000000000000 ) ) ;
#2808 = DIRECTION ( 'NONE',  ( -1.000000000000000000, 2.130068088668775004E-15, 0.000000000000000000 ) ) ;
#2809 = CARTESIAN_POINT ( 'NONE',  ( -1.079118999999999939, 0.2500000000000164868, 1.149999999999999911 ) ) ;
#2810 = ORIENTED_EDGE ( 'NONE', *, *, #936, .F. ) ;
#2811 = CARTESIAN_POINT ( 'NONE',  ( -0.8991190000000000015, 0.2500000000000164868, 0.7750000000000000222 ) ) ;
#2812 = ADVANCED_FACE ( 'NONE', ( #252 ), #1570, .T. ) ;
#2813 = DIRECTION ( 'NONE',  ( -6.834509128875590854E-15, -1.000000000000000000, 7.888609052210119806E-31 ) ) ;
#2814 = CARTESIAN_POINT ( 'NONE',  ( 0.8101929663054270314, 0.6750000000000000444, 0.2000000000000000111 ) ) ;
#2815 = AXIS2_PLACEMENT_3D ( 'NONE', #1972, #618, #2461 ) ;
#2816 = SURFACE_SIDE_STYLE ('',( #3 ) ) ;
#2817 = CARTESIAN_POINT ( 'NONE',  ( 1.019504932610848069, 0.4403637236338985295, 1.149999999999999911 ) ) ;
#2818 = ADVANCED_FACE ( 'NONE', ( #918 ), #1344, .T. ) ;
#2819 = EDGE_LOOP ( 'NONE', ( #1985, #1044, #1675, #1607 ) ) ;
#2820 = AXIS2_PLACEMENT_3D ( 'NONE', #1566, #482, #1007 ) ;
#2821 = MECHANICAL_DESIGN_GEOMETRIC_PRESENTATION_REPRESENTATION (  '', ( #2735 ), #1273 ) ;
#2822 =( GEOMETRIC_REPRESENTATION_CONTEXT ( 3 ) GLOBAL_UNCERTAINTY_ASSIGNED_CONTEXT ( ( #2304 ) ) GLOBAL_UNIT_ASSIGNED_CONTEXT ( ( #16, #1303, #230 ) ) REPRESENTATION_CONTEXT ( 'NONE', 'WORKASPACE' ) );
#2823 = VECTOR ( 'NONE', #361, 1000.000000000000114 ) ;
#2824 = CYLINDRICAL_SURFACE ( 'NONE', #603, 0.1499999999999999667 ) ;
#2825 = VECTOR ( 'NONE', #855, 1000.000000000000114 ) ;
#2826 = CIRCLE ( 'NONE', #82, 0.2346362763661054285 ) ;
#2827 = CARTESIAN_POINT ( 'NONE',  ( -0.6740590742599109619, 0.4950000000000160383, 0.7750000000000000222 ) ) ;
#2828 = DIRECTION ( 'NONE',  ( 7.888609052210119806E-31, -1.000000000000000000, -4.812506762107419705E-32 ) ) ;
#2829 = VERTEX_POINT ( 'NONE', #1799 ) ;
#2830 = CARTESIAN_POINT ( 'NONE',  ( -1.133755276366106068, 0.2500000000000164868, -0.1749999999999999889 ) ) ;
#2831 = LINE ( 'NONE', #1331, #2649 ) ;
ENDSEC;
END-ISO-10303-21;
